b,lesson_id,song_dir,cue_index,speaker,speaker_ja,start,end,joined_start,joined_end,english,japanese,mixed,audio
1,5,05_beginner_tom_b1,1,Teacher Tacos,ティーチャータコス,0.0,3.96,0.0,3.96,Hello! Welcome to Funnics Island.,こんにちは！ファニックス・アイランドへようこそ。,(Teacher Tacos) Hello! Welcome to Funnics Island. 「(ティーチャータコス) こんにちは！ファニックス・アイランドへようこそ。」,audio/phonics/L5/s1.mp3
1,5,05_beginner_tom_b1,2,Teacher Tacos,ティーチャータコス,4.11,8.11,4.11,8.11,Hello! Welcome to Funnics Island.,こんにちは！ファニックス・アイランドへようこそ。,(Teacher Tacos) Hello! Welcome to Funnics Island. 「(ティーチャータコス) こんにちは！ファニックス・アイランドへようこそ。」,audio/phonics/L5/s2.mp3
1,5,05_beginner_tom_b1,3,Teacher Tacos,ティーチャータコス,9.02,10.17,9.02,10.17,What's your name?,あなたの名前は何ですか？,(Teacher Tacos) What's your name? 「(ティーチャータコス) あなたの名前は何ですか？」,audio/phonics/L5/s3.mp3
1,5,05_beginner_tom_b1,4,Teacher Tacos,ティーチャータコス,11.31,12.38,11.31,12.38,What's your name?,あなたの名前は何ですか？,(Teacher Tacos) What's your name? 「(ティーチャータコス) あなたの名前は何ですか？」,audio/phonics/L5/s4.mp3
1,5,05_beginner_tom_b1,5,Tom,トム,12.53,14.76,12.53,14.76,Hi! My name is Tom.,やあ！ぼくの名前はトムです。,(Tom) Hi! My name is Tom. 「(トム) やあ！ぼくの名前はトムです。」,audio/phonics/L5/s5.mp3
1,5,05_beginner_tom_b1,6,Tom,トム,15.68,17.92,15.68,17.92,Hi! My name is Tom.,やあ！ぼくの名前はトムです。,(Tom) Hi! My name is Tom. 「(トム) やあ！ぼくの名前はトムです。」,audio/phonics/L5/s6.mp3
1,5,05_beginner_tom_b1,7,Teacher Tacos,ティーチャータコス,18.07,20.56,18.07,20.56,"Nice to meet you, Tom.",はじめまして、トム。,"(Teacher Tacos) Nice to meet you, Tom. 「(ティーチャータコス) はじめまして、トム。」",audio/phonics/L5/s7.mp3
1,5,05_beginner_tom_b1,8,Teacher Tacos,ティーチャータコス,20.71,23.2,20.71,23.2,"Nice to meet you, Tom.",はじめまして、トム。,"(Teacher Tacos) Nice to meet you, Tom. 「(ティーチャータコス) はじめまして、トム。」",audio/phonics/L5/s8.mp3
1,5,05_beginner_tom_b1,9,Teacher Tacos,ティーチャータコス,24.42,26.36,24.42,26.36,I am Teacher Tacos.,私はティーチャータコスです。,(Teacher Tacos) I am Teacher Tacos. 「(ティーチャータコス) 私はティーチャータコスです。」,audio/phonics/L5/s9.mp3
1,5,05_beginner_tom_b1,10,Teacher Tacos,ティーチャータコス,26.66,28.66,26.66,28.66,I am Teacher Tacos.,私はティーチャータコスです。,(Teacher Tacos) I am Teacher Tacos. 「(ティーチャータコス) 私はティーチャータコスです。」,audio/phonics/L5/s10.mp3
1,5,05_beginner_tom_b1,11,Tom,トム,31.2,33.67,31.2,33.67,Oh! A talking taco!,えっ！しゃべるタコスだ！,(Tom) Oh! A talking taco! 「(トム) えっ！しゃべるタコスだ！」,audio/phonics/L5/s11.mp3
1,5,05_beginner_tom_b1,12,Tom,トム,33.82,36.19,33.82,36.19,Oh! A talking taco!,えっ！しゃべるタコスだ！,(Tom) Oh! A talking taco! 「(トム) えっ！しゃべるタコスだ！」,audio/phonics/L5/s12.mp3
1,5,05_beginner_tom_b1,13,Teacher Tacos,ティーチャータコス,36.34,37.46,36.34,37.46,Correct!,その通り！,(Teacher Tacos) Correct! 「(ティーチャータコス) その通り！」,audio/phonics/L5/s13.mp3
1,5,05_beginner_tom_b1,14,Teacher Tacos,ティーチャータコス,37.61,38.73,37.61,38.73,Correct!,その通り！,(Teacher Tacos) Correct! 「(ティーチャータコス) その通り！」,audio/phonics/L5/s14.mp3
1,5,05_beginner_tom_b1,15,Teacher Tacos,ティーチャータコス,40.39,43.82,40.39,43.82,I am the gate guide today.,今日は私が門の案内役です。,(Teacher Tacos) I am the gate guide today. 「(ティーチャータコス) 今日は私が門の案内役です。」,audio/phonics/L5/s15.mp3
1,5,05_beginner_tom_b1,16,Teacher Tacos,ティーチャータコス,44.07,47.5,44.07,47.5,I am the gate guide today.,今日は私が門の案内役です。,(Teacher Tacos) I am the gate guide today. 「(ティーチャータコス) 今日は私が門の案内役です。」,audio/phonics/L5/s16.mp3
1,5,05_beginner_tom_b1,17,Teacher Tacos,ティーチャータコス,48.68,50.61,48.68,50.61,You are welcome here.,ここでは、きみは大歓迎だよ。,(Teacher Tacos) You are welcome here. 「(ティーチャータコス) ここでは、きみは大歓迎だよ。」,audio/phonics/L5/s17.mp3
1,5,05_beginner_tom_b1,18,Teacher Tacos,ティーチャータコス,50.71,54.1,50.71,54.1,You are welcome here.,ここでは、きみは大歓迎だよ。,(Teacher Tacos) You are welcome here. 「(ティーチャータコス) ここでは、きみは大歓迎だよ。」,audio/phonics/L5/s18.mp3
1,5,05_beginner_tom_b1,19,Tom,トム,54.1,57.68,54.1,57.68,Wow! I am excited.,わあ！わくわくしてきた。,(Tom) Wow! I am excited. 「(トム) わあ！わくわくしてきた。」,audio/phonics/L5/s19.mp3
1,5,05_beginner_tom_b1,20,Tom,トム,57.94,60.64,57.94,60.64,Wow! I am excited.,わあ！わくわくしてきた。,(Tom) Wow! I am excited. 「(トム) わあ！わくわくしてきた。」,audio/phonics/L5/s20.mp3
1,5,05_beginner_tom_b1,21,Tom,トム,60.95,64.07,60.95,64.07,This place is amazing.,ここはすごい場所だね。,(Tom) This place is amazing. 「(トム) ここはすごい場所だね。」,audio/phonics/L5/s21.mp3
1,5,05_beginner_tom_b1,22,Tom,トム,64.32,67.44,64.32,67.44,This place is amazing.,ここはすごい場所だね。,(Tom) This place is amazing. 「(トム) ここはすごい場所だね。」,audio/phonics/L5/s22.mp3
1,5,05_beginner_tom_b1,23,Teacher Tacos,ティーチャータコス,67.75,72.62,67.75,72.62,"Yes. This island is a little strange, too.",うん。この島はちょっと不思議でもあるんだ。,"(Teacher Tacos) Yes. This island is a little strange, too. 「(ティーチャータコス) うん。この島はちょっと不思議でもあるんだ。」",audio/phonics/L5/s23.mp3
1,5,05_beginner_tom_b1,24,Teacher Tacos,ティーチャータコス,72.85,79.57,72.85,79.57,"Yes. This island is a little strange, too.",うん。この島はちょっと不思議でもあるんだ。,"(Teacher Tacos) Yes. This island is a little strange, too. 「(ティーチャータコス) うん。この島はちょっと不思議でもあるんだ。」",audio/phonics/L5/s24.mp3
2,6,06_beginner_tom_b2,1,Teacher Tacos,ティーチャータコス,0.01,1.78,84.53,86.3,"OK, Tom, are you ready?",よし、トム、準備はできた？,"(Teacher Tacos) OK, Tom, are you ready? 「(ティーチャータコス) よし、トム、準備はできた？」",audio/phonics/L6/s1.mp3
2,6,06_beginner_tom_b2,2,Teacher Tacos,ティーチャータコス,1.87,6.36,86.39,90.88,"OK, Tom, are you ready?",よし、トム、準備はできた？,"(Teacher Tacos) OK, Tom, are you ready? 「(ティーチャータコス) よし、トム、準備はできた？」",audio/phonics/L6/s2.mp3
2,6,06_beginner_tom_b2,3,Tom,トム,6.81,10.07,91.33,94.59,"Hmm... Yes, I am.",うーん……うん、できたよ。,"(Tom) Hmm... Yes, I am. 「(トム) うーん……うん、できたよ。」",audio/phonics/L6/s3.mp3
2,6,06_beginner_tom_b2,4,Tom,トム,10.07,12.92,94.59,97.44,"Hmm... Yes, I am.",うーん……うん、できたよ。,"(Tom) Hmm... Yes, I am. 「(トム) うーん……うん、できたよ。」",audio/phonics/L6/s4.mp3
2,6,06_beginner_tom_b2,5,Teacher Tacos,ティーチャータコス,13.41,14.99,97.93,99.51,Are you hungry?,おなかはすいている？,(Teacher Tacos) Are you hungry? 「(ティーチャータコス) おなかはすいている？」,audio/phonics/L6/s5.mp3
2,6,06_beginner_tom_b2,6,Teacher Tacos,ティーチャータコス,15.19,16.61,99.71,101.13,Are you hungry?,おなかはすいている？,(Teacher Tacos) Are you hungry? 「(ティーチャータコス) おなかはすいている？」,audio/phonics/L6/s6.mp3
2,6,06_beginner_tom_b2,7,Tom,トム,16.77,18.65,101.29,103.17,"No, I am not.",いいえ、すいていません。,"(Tom) No, I am not. 「(トム) いいえ、すいていません。」",audio/phonics/L6/s7.mp3
2,6,06_beginner_tom_b2,8,Tom,トム,19.03,20.41,103.55,104.93,"No, I am not.",いいえ、すいていません。,"(Tom) No, I am not. 「(トム) いいえ、すいていません。」",audio/phonics/L6/s8.mp3
2,6,06_beginner_tom_b2,9,Tom,トム,20.65,23.1,105.17,107.62,I am just curious. Wow.,ただ、気になっているだけ。わあ。,(Tom) I am just curious. Wow. 「(トム) ただ、気になっているだけ。わあ。」,audio/phonics/L6/s9.mp3
2,6,06_beginner_tom_b2,10,Tom,トム,23.16,26.25,107.68,110.77,I am just curious. Wow.,ただ、気になっているだけ。わあ。,(Tom) I am just curious. Wow. 「(トム) ただ、気になっているだけ。わあ。」,audio/phonics/L6/s10.mp3
2,6,06_beginner_tom_b2,11,Teacher Tacos,ティーチャータコス,26.34,27.89,110.86,112.41,Are you nervous?,緊張している？,(Teacher Tacos) Are you nervous? 「(ティーチャータコス) 緊張している？」,audio/phonics/L6/s11.mp3
2,6,06_beginner_tom_b2,12,Teacher Tacos,ティーチャータコス,28.21,29.72,112.73,114.24,Are you nervous?,緊張している？,(Teacher Tacos) Are you nervous? 「(ティーチャータコス) 緊張している？」,audio/phonics/L6/s12.mp3
2,6,06_beginner_tom_b2,13,Tom,トム,30.01,30.61,114.53,115.13,A little.,少しね。,(Tom) A little. 「(トム) 少しね。」,audio/phonics/L6/s13.mp3
2,6,06_beginner_tom_b2,14,Tom,トム,30.61,31.25,115.13,115.77,A little.,少しね。,(Tom) A little. 「(トム) 少しね。」,audio/phonics/L6/s14.mp3
2,6,06_beginner_tom_b2,15,Tom,トム,31.33,35.17,115.85,119.69,Hmm... Are the island friends friendly?,うーん……島の仲間たちは親切かな？,(Tom) Hmm... Are the island friends friendly? 「(トム) うーん……島の仲間たちは親切かな？」,audio/phonics/L6/s15.mp3
2,6,06_beginner_tom_b2,16,Tom,トム,35.39,38.49,119.91,123.01,Hmm... Are the island friends friendly?,うーん……島の仲間たちは親切かな？,(Tom) Hmm... Are the island friends friendly? 「(トム) うーん……島の仲間たちは親切かな？」,audio/phonics/L6/s16.mp3
2,6,06_beginner_tom_b2,17,Teacher Tacos,ティーチャータコス,38.65,40.81,123.17,125.33,Yes. Very friendly.,うん。とても親切だよ。,(Teacher Tacos) Yes. Very friendly. 「(ティーチャータコス) うん。とても親切だよ。」,audio/phonics/L6/s17.mp3
2,6,06_beginner_tom_b2,18,Teacher Tacos,ティーチャータコス,41.27,43.36,125.79,127.88,Yes. Very friendly.,うん。とても親切だよ。,(Teacher Tacos) Yes. Very friendly. 「(ティーチャータコス) うん。とても親切だよ。」,audio/phonics/L6/s18.mp3
2,6,06_beginner_tom_b2,19,Teacher Tacos,ティーチャータコス,43.55,44.98,128.07,129.5,Don't worry.,心配しないで。,(Teacher Tacos) Don't worry. 「(ティーチャータコス) 心配しないで。」,audio/phonics/L6/s19.mp3
2,6,06_beginner_tom_b2,20,Teacher Tacos,ティーチャータコス,45.21,46.69,129.73,131.21,Don't worry.,心配しないで。,(Teacher Tacos) Don't worry. 「(ティーチャータコス) 心配しないで。」,audio/phonics/L6/s20.mp3
2,6,06_beginner_tom_b2,21,Tom,トム,46.93,49.82,131.45,134.34,OK. Then I am ready.,わかった。じゃあ準備できたよ。,(Tom) OK. Then I am ready. 「(トム) わかった。じゃあ準備できたよ。」,audio/phonics/L6/s21.mp3
2,6,06_beginner_tom_b2,22,Tom,トム,50.15,53.04,134.67,137.56,OK. Then I am ready.,わかった。じゃあ準備できたよ。,(Tom) OK. Then I am ready. 「(トム) わかった。じゃあ準備できたよ。」,audio/phonics/L6/s22.mp3
3,7,07_beginner_tom_b3,1,Tom,トム,0.04,8.53,139.28,147.77,"Teacher Taco, I am not from this island.",ティーチャータコス、ぼくはこの島の出身じゃないんだ。,"(Tom) Teacher Taco, I am not from this island. 「(トム) ティーチャータコス、ぼくはこの島の出身じゃないんだ。」",audio/phonics/L7/s1.mp3
3,7,07_beginner_tom_b3,2,Teacher Taco,ティーチャータコス,8.57,21.93,147.81,161.17,"I know, Tom. Don't worry.",わかっているよ、トム。心配しないで。,"(Teacher Taco) I know, Tom. Don't worry. 「(ティーチャータコス) わかっているよ、トム。心配しないで。」",audio/phonics/L7/s2.mp3
3,7,07_beginner_tom_b3,3,Teacher Taco,ティーチャータコス,21.97,23.79,161.21,163.03,"I know, Tom. Don't worry.",わかっているよ、トム。心配しないで。,"(Teacher Taco) I know, Tom. Don't worry. 「(ティーチャータコス) わかっているよ、トム。心配しないで。」",audio/phonics/L7/s3.mp3
3,7,07_beginner_tom_b3,4,Teacher Taco,ティーチャータコス,23.83,25.09,163.07,164.33,You are not alone.,きみは一人じゃないよ。,(Teacher Taco) You are not alone. 「(ティーチャータコス) きみは一人じゃないよ。」,audio/phonics/L7/s4.mp3
3,7,07_beginner_tom_b3,5,Teacher Taco,ティーチャータコス,25.13,28.17,164.37,167.41,You are not alone.,きみは一人じゃないよ。,(Teacher Taco) You are not alone. 「(ティーチャータコス) きみは一人じゃないよ。」,audio/phonics/L7/s5.mp3
3,7,07_beginner_tom_b3,6,Aunt Ant,アントおばさん,28.21,36.16,167.45,175.4,"Hello, Tom. I am Aunt Ant.",こんにちは、トム。私はアントおばさんです。,"(Aunt Ant) Hello, Tom. I am Aunt Ant. 「(アントおばさん) こんにちは、トム。私はアントおばさんです。」",audio/phonics/L7/s6.mp3
3,7,07_beginner_tom_b3,7,Aunt Ant,アントおばさん,36.2,37.77,175.44,177.01,"Hello, Tom. I am Aunt Ant.",こんにちは、トム。私はアントおばさんです。,"(Aunt Ant) Hello, Tom. I am Aunt Ant. 「(アントおばさん) こんにちは、トム。私はアントおばさんです。」",audio/phonics/L7/s7.mp3
3,7,07_beginner_tom_b3,8,Tom,トム,37.81,39.66,177.05,178.9,"Hi, Aunt Ant. You are not a taco!",やあ、アントおばさん。あなたはタコスじゃないね！,"(Tom) Hi, Aunt Ant. You are not a taco! 「(トム) やあ、アントおばさん。あなたはタコスじゃないね！」",audio/phonics/L7/s8.mp3
3,7,07_beginner_tom_b3,9,Tom,トム,39.7,43.05,178.94,182.29,"Hi, Aunt Ant. You are not a taco!",やあ、アントおばさん。あなたはタコスじゃないね！,"(Tom) Hi, Aunt Ant. You are not a taco! 「(トム) やあ、アントおばさん。あなたはタコスじゃないね！」",audio/phonics/L7/s9.mp3
3,7,07_beginner_tom_b3,10,Aunt Ant,アントおばさん,43.09,45.41,182.33,184.65,That's right! I am an ant.,その通り！私はアリだよ。,(Aunt Ant) That's right! I am an ant. 「(アントおばさん) その通り！私はアリだよ。」,audio/phonics/L7/s10.mp3
3,7,07_beginner_tom_b3,11,Aunt Ant,アントおばさん,45.45,49.41,184.69,188.65,That's right! That's right! I am an ant.,その通り！その通り！私はアリだよ。,(Aunt Ant) That's right! That's right! I am an ant. 「(アントおばさん) その通り！その通り！私はアリだよ。」,audio/phonics/L7/s11.mp3
3,7,07_beginner_tom_b3,12,Teacher Taco,ティーチャータコス,49.45,53.23,188.69,192.47,This island is not only for tacos.,この島はタコスだけの場所じゃないんだ。,(Teacher Taco) This island is not only for tacos. 「(ティーチャータコス) この島はタコスだけの場所じゃないんだ。」,audio/phonics/L7/s12.mp3
3,7,07_beginner_tom_b3,13,Teacher Taco,ティーチャータコス,53.27,57.13,192.51,196.37,This island is not only for tacos.,この島はタコスだけの場所じゃないんだ。,(Teacher Taco) This island is not only for tacos. 「(ティーチャータコス) この島はタコスだけの場所じゃないんだ。」,audio/phonics/L7/s13.mp3
3,7,07_beginner_tom_b3,14,Aunt Ant,アントおばさん,57.17,60.37,196.41,199.61,"You are not a taco, but you are welcome here.",きみはタコスじゃないけれど、ここでは大歓迎だよ。,"(Aunt Ant) You are not a taco, but you are welcome here. 「(アントおばさん) きみはタコスじゃないけれど、ここでは大歓迎だよ。」",audio/phonics/L7/s14.mp3
3,7,07_beginner_tom_b3,15,Aunt Ant,アントおばさん,60.41,64.57,199.65,203.81,"You are not a taco, but you are welcome here.",きみはタコスじゃないけれど、ここでは大歓迎だよ。,"(Aunt Ant) You are not a taco, but you are welcome here. 「(アントおばさん) きみはタコスじゃないけれど、ここでは大歓迎だよ。」",audio/phonics/L7/s15.mp3
3,7,07_beginner_tom_b3,16,Tom,トム,64.61,69.82,203.85,209.06,Wow! I am not alone. I have new friends here.,わあ！ぼくは一人じゃない。ここには新しい友だちがいるんだ。,(Tom) Wow! I am not alone. I have new friends here. 「(トム) わあ！ぼくは一人じゃない。ここには新しい友だちがいるんだ。」,audio/phonics/L7/s16.mp3
3,7,07_beginner_tom_b3,17,Tom,トム,69.86,79.06,209.1,218.3,Wow! I am not alone. I have new friends here.,わあ！ぼくは一人じゃない。ここには新しい友だちがいるんだ。,(Tom) Wow! I am not alone. I have new friends here. 「(トム) わあ！ぼくは一人じゃない。ここには新しい友だちがいるんだ。」,audio/phonics/L7/s17.mp3
4,8,08_beginner_tom_b4,1,Teacher Tacos,ティーチャータコス,0.33,5.69,218.73,224.09,"Good morning, Tom. I like the island market.",おはよう、トム。私は島の市場が好きなんだ。,"(Teacher Tacos) Good morning, Tom. I like the island market. 「(ティーチャータコス) おはよう、トム。私は島の市場が好きなんだ。」",audio/phonics/L8/s1.mp3
4,8,08_beginner_tom_b4,2,Teacher Tacos,ティーチャータコス,5.88,11.61,224.28,230.01,"Good morning, Tom. I like the island market.",おはよう、トム。私は島の市場が好きなんだ。,"(Teacher Tacos) Good morning, Tom. I like the island market. 「(ティーチャータコス) おはよう、トム。私は島の市場が好きなんだ。」",audio/phonics/L8/s2.mp3
4,8,08_beginner_tom_b4,3,Tom,トム,11.95,15.18,230.35,233.58,"Wow, I like the colors.",わあ、色がすてきだね。,"(Tom) Wow, I like the colors. 「(トム) わあ、色がすてきだね。」",audio/phonics/L8/s3.mp3
4,8,08_beginner_tom_b4,4,Tom,トム,15.4,18.63,233.8,237.03,"Wow, I like the colors.",わあ、色がすてきだね。,"(Tom) Wow, I like the colors. 「(トム) わあ、色がすてきだね。」",audio/phonics/L8/s4.mp3
4,8,08_beginner_tom_b4,5,Baker Bear,ベイカーベア,18.88,22.6,237.28,241.0,"Hi, Tom. I bake bread here.",やあ、トム。ここでパンを焼いているんだ。,"(Baker Bear) Hi, Tom. I bake bread here. 「(ベイカーベア) やあ、トム。ここでパンを焼いているんだ。」",audio/phonics/L8/s5.mp3
4,8,08_beginner_tom_b4,6,Baker Bear,ベイカーベア,22.95,26.42,241.35,244.82,"Hi, Tom. I bake bread here.",やあ、トム。ここでパンを焼いているんだ。,"(Baker Bear) Hi, Tom. I bake bread here. 「(ベイカーベア) やあ、トム。ここでパンを焼いているんだ。」",audio/phonics/L8/s6.mp3
4,8,08_beginner_tom_b4,7,Tom,トム,26.59,29.66,244.99,248.06,Yum. I eat bread at home.,おいしそう。ぼくは家でパンを食べるよ。,(Tom) Yum. I eat bread at home. 「(トム) おいしそう。ぼくは家でパンを食べるよ。」,audio/phonics/L8/s7.mp3
4,8,08_beginner_tom_b4,8,Tom,トム,30.69,33.52,249.09,251.92,Yum. I eat bread at home.,おいしそう。ぼくは家でパンを食べるよ。,(Tom) Yum. I eat bread at home. 「(トム) おいしそう。ぼくは家でパンを食べるよ。」,audio/phonics/L8/s8.mp3
4,8,08_beginner_tom_b4,9,Bread,パン,33.65,35.07,252.05,253.47,I wave at Tom.,ぼくはトムに手を振るよ。,(Bread) I wave at Tom. 「(パン) ぼくはトムに手を振るよ。」,audio/phonics/L8/s9.mp3
4,8,08_beginner_tom_b4,10,Bread,パン,36.26,37.73,254.66,256.13,I wave at Tom.,ぼくはトムに手を振るよ。,(Bread) I wave at Tom. 「(パン) ぼくはトムに手を振るよ。」,audio/phonics/L8/s10.mp3
4,8,08_beginner_tom_b4,11,Tom,トム,37.87,40.37,256.27,258.77,Wow! The bread waves!,わあ！パンが手を振っている！,(Tom) Wow! The bread waves! 「(トム) わあ！パンが手を振っている！」,audio/phonics/L8/s11.mp3
4,8,08_beginner_tom_b4,12,Tom,トム,40.59,43.17,258.99,261.57,Wow! The bread waves!,わあ！パンが手を振っている！,(Tom) Wow! The bread waves! 「(トム) わあ！パンが手を振っている！」,audio/phonics/L8/s12.mp3
4,8,08_beginner_tom_b4,13,Cowboy Cat,カウボーイキャット,43.61,49.08,262.01,267.48,"Hi, Tom. I count cups for the juice stand.",やあ、トム。ジュース屋さんのカップを数えているんだ。,"(Cowboy Cat) Hi, Tom. I count cups for the juice stand. 「(カウボーイキャット) やあ、トム。ジュース屋さんのカップを数えているんだ。」",audio/phonics/L8/s13.mp3
4,8,08_beginner_tom_b4,14,Cowboy Cat,カウボーイキャット,50.75,56.27,269.15,274.67,"Hi, Tom. I count cups for the juice stand.",やあ、トム。ジュース屋さんのカップを数えているんだ。,"(Cowboy Cat) Hi, Tom. I count cups for the juice stand. 「(カウボーイキャット) やあ、トム。ジュース屋さんのカップを数えているんだ。」",audio/phonics/L8/s14.mp3
4,8,08_beginner_tom_b4,15,Tom,トム,56.58,59.31,274.98,277.71,Whoa! The cups jump!,うわっ！カップが跳ねた！,(Tom) Whoa! The cups jump! 「(トム) うわっ！カップが跳ねた！」,audio/phonics/L8/s15.mp3
4,8,08_beginner_tom_b4,16,Tom,トム,59.95,61.87,278.35,280.27,Whoa! The cups jump!,うわっ！カップが跳ねた！,(Tom) Whoa! The cups jump! 「(トム) うわっ！カップが跳ねた！」,audio/phonics/L8/s16.mp3
4,8,08_beginner_tom_b4,17,Cowboy Cat,カウボーイキャット,63.93,66.68,282.33,285.08,Yes. Cups jump on Funnics Island.,うん。ファニックス・アイランドではカップも跳ねるんだ。,(Cowboy Cat) Yes. Cups jump on Funnics Island. 「(カウボーイキャット) うん。ファニックス・アイランドではカップも跳ねるんだ。」,audio/phonics/L8/s17.mp3
4,8,08_beginner_tom_b4,18,Cowboy Cat,カウボーイキャット,68.95,71.94,287.35,290.34,Yes. Cups jump on Funnics Island.,うん。ファニックス・アイランドではカップも跳ねるんだ。,(Cowboy Cat) Yes. Cups jump on Funnics Island. 「(カウボーイキャット) うん。ファニックス・アイランドではカップも跳ねるんだ。」,audio/phonics/L8/s18.mp3
4,8,08_beginner_tom_b4,19,Teacher Tacos,ティーチャータコス,72.0,74.31,290.4,292.71,OK. You have a small map.,よし。きみには小さな地図があるね。,(Teacher Tacos) OK. You have a small map. 「(ティーチャータコス) よし。きみには小さな地図があるね。」,audio/phonics/L8/s19.mp3
4,8,08_beginner_tom_b4,20,Teacher Tacos,ティーチャータコス,74.37,77.67,292.77,296.07,OK. You have a small map.,よし。きみには小さな地図があるね。,(Teacher Tacos) OK. You have a small map. 「(ティーチャータコス) よし。きみには小さな地図があるね。」,audio/phonics/L8/s20.mp3
4,8,08_beginner_tom_b4,21,Tom,トム,77.95,82.48,296.35,300.88,OK. I follow the red path.,わかった。赤い道を進むよ。,(Tom) OK. I follow the red path. 「(トム) わかった。赤い道を進むよ。」,audio/phonics/L8/s21.mp3
4,8,08_beginner_tom_b4,22,Tom,トム,84.33,90.27,302.73,308.67,OK. I follow the red path.,わかった。赤い道を進むよ。,(Tom) OK. I follow the red path. 「(トム) わかった。赤い道を進むよ。」,audio/phonics/L8/s22.mp3
5,9,08_beginner_tom_b5,1,Tom,トム,0.2,9.25,313.04,322.09,"Hmm... Teacher Tacos, I am not from this island.",うーん……ティーチャータコス、ぼくはこの島の出身じゃないんだ。,"(Tom) Hmm... Teacher Tacos, I am not from this island. 「(トム) うーん……ティーチャータコス、ぼくはこの島の出身じゃないんだ。」",audio/phonics/L9/s1.mp3
5,9,08_beginner_tom_b5,2,Tom,トム,9.29,15.05,322.13,327.89,"Hmm... Teacher Tacos, I am not from this island.",うーん……ティーチャータコス、ぼくはこの島の出身じゃないんだ。,"(Tom) Hmm... Teacher Tacos, I am not from this island. 「(トム) うーん……ティーチャータコス、ぼくはこの島の出身じゃないんだ。」",audio/phonics/L9/s2.mp3
5,9,08_beginner_tom_b5,3,Teacher Tacos,ティーチャータコス,15.09,16.03,327.93,328.87,I know.,わかっているよ。,(Teacher Tacos) I know. 「(ティーチャータコス) わかっているよ。」,audio/phonics/L9/s3.mp3
5,9,08_beginner_tom_b5,4,Teacher Tacos,ティーチャータコス,16.07,17.97,328.91,330.81,I know.,わかっているよ。,(Teacher Tacos) I know. 「(ティーチャータコス) わかっているよ。」,audio/phonics/L9/s4.mp3
5,9,08_beginner_tom_b5,5,Teacher Tacos,ティーチャータコス,18.01,19.42,330.85,332.26,Don't worry.,心配しないで。,(Teacher Tacos) Don't worry. 「(ティーチャータコス) 心配しないで。」,audio/phonics/L9/s5.mp3
5,9,08_beginner_tom_b5,6,Teacher Tacos,ティーチャータコス,19.46,22.21,332.3,335.05,Don't worry.,心配しないで。,(Teacher Tacos) Don't worry. 「(ティーチャータコス) 心配しないで。」,audio/phonics/L9/s6.mp3
5,9,08_beginner_tom_b5,7,Teacher Tacos,ティーチャータコス,22.25,24.43,335.09,337.27,You are not alone.,きみは一人じゃないよ。,(Teacher Tacos) You are not alone. 「(ティーチャータコス) きみは一人じゃないよ。」,audio/phonics/L9/s7.mp3
5,9,08_beginner_tom_b5,8,Teacher Tacos,ティーチャータコス,24.47,27.74,337.31,340.58,You are not alone.,きみは一人じゃないよ。,(Teacher Tacos) You are not alone. 「(ティーチャータコス) きみは一人じゃないよ。」,audio/phonics/L9/s8.mp3
5,9,08_beginner_tom_b5,9,Tom,トム,27.78,32.33,340.62,345.17,Oh. I am not an island friend yet.,ああ。ぼくはまだ島の仲間じゃないんだね。,(Tom) Oh. I am not an island friend yet. 「(トム) ああ。ぼくはまだ島の仲間じゃないんだね。」,audio/phonics/L9/s9.mp3
5,9,08_beginner_tom_b5,10,Tom,トム,32.37,37.15,345.21,349.99,Oh. I am not an island friend yet.,ああ。ぼくはまだ島の仲間じゃないんだね。,(Tom) Oh. I am not an island friend yet. 「(トム) ああ。ぼくはまだ島の仲間じゃないんだね。」,audio/phonics/L9/s10.mp3
5,9,08_beginner_tom_b5,11,Teacher Tacos,ティーチャータコス,37.19,38.59,350.03,351.43,Not yet.,まだね。,(Teacher Tacos) Not yet. 「(ティーチャータコス) まだね。」,audio/phonics/L9/s11.mp3
5,9,08_beginner_tom_b5,12,Teacher Tacos,ティーチャータコス,38.63,41.63,351.47,354.47,Not yet.,まだね。,(Teacher Tacos) Not yet. 「(ティーチャータコス) まだね。」,audio/phonics/L9/s12.mp3
5,9,08_beginner_tom_b5,13,Teacher Tacos,ティーチャータコス,41.67,43.59,354.51,356.43,But don't worry.,でも心配しないで。,(Teacher Tacos) But don't worry. 「(ティーチャータコス) でも心配しないで。」,audio/phonics/L9/s13.mp3
5,9,08_beginner_tom_b5,14,Teacher Tacos,ティーチャータコス,43.63,46.84,356.47,359.68,But don't worry.,でも心配しないで。,(Teacher Tacos) But don't worry. 「(ティーチャータコス) でも心配しないで。」,audio/phonics/L9/s14.mp3
5,9,08_beginner_tom_b5,15,Teacher Tacos,ティーチャータコス,46.88,50.43,359.72,363.27,You are my student today.,今日はきみが私の生徒だよ。,(Teacher Tacos) You are my student today. 「(ティーチャータコス) 今日はきみが私の生徒だよ。」,audio/phonics/L9/s15.mp3
5,9,08_beginner_tom_b5,16,Teacher Tacos,ティーチャータコス,50.47,59.09,363.31,371.93,You are my student today.,今日はきみが私の生徒だよ。,(Teacher Tacos) You are my student today. 「(ティーチャータコス) 今日はきみが私の生徒だよ。」,audio/phonics/L9/s16.mp3
5,9,08_beginner_tom_b5,17,Tom,トム,59.13,65.1,371.97,377.94,Oh! Teacher Tacos is not just a name?,えっ！ティーチャータコスって、ただの名前じゃないの？,(Tom) Oh! Teacher Tacos is not just a name? 「(トム) えっ！ティーチャータコスって、ただの名前じゃないの？」,audio/phonics/L9/s17.mp3
5,9,08_beginner_tom_b5,18,Tom,トム,65.14,68.122,377.98,380.962,Oh! Teacher Tacos is not just a name?,えっ！ティーチャータコスって、ただの名前じゃないの？,(Tom) Oh! Teacher Tacos is not just a name? 「(トム) えっ！ティーチャータコスって、ただの名前じゃないの？」,audio/phonics/L9/s18.mp3
5,9,08_beginner_tom_b5,19,Teacher Tacos,ティーチャータコス,68.162,71.652,381.002,384.492,"Yes, correct! I am not just a taco.",うん、その通り！私はただのタコスじゃないんだ。,"(Teacher Tacos) Yes, correct! I am not just a taco. 「(ティーチャータコス) うん、その通り！私はただのタコスじゃないんだ。」",audio/phonics/L9/s19.mp3
5,9,08_beginner_tom_b5,20,Teacher Tacos,ティーチャータコス,71.692,75.252,384.532,388.092,"Yes, correct! I am not just a taco.",うん、その通り！私はただのタコスじゃないんだ。,"(Teacher Tacos) Yes, correct! I am not just a taco. 「(ティーチャータコス) うん、その通り！私はただのタコスじゃないんだ。」",audio/phonics/L9/s20.mp3
5,9,08_beginner_tom_b5,21,Teacher Tacos,ティーチャータコス,75.292,76.932,388.132,389.772,"I teach, too.",教えることもするよ。,"(Teacher Tacos) I teach, too. 「(ティーチャータコス) 教えることもするよ。」",audio/phonics/L9/s21.mp3
5,9,08_beginner_tom_b5,22,Teacher Tacos,ティーチャータコス,76.972,78.602,389.812,391.442,"I teach, too.",教えることもするよ。,"(Teacher Tacos) I teach, too. 「(ティーチャータコス) 教えることもするよ。」",audio/phonics/L9/s22.mp3
5,9,08_beginner_tom_b5,23,Tom,トム,78.642,82.702,391.482,395.542,Wow! You are not just a talking taco.,わあ！ただのしゃべるタコスじゃないんだね。,(Tom) Wow! You are not just a talking taco. 「(トム) わあ！ただのしゃべるタコスじゃないんだね。」,audio/phonics/L9/s23.mp3
5,9,08_beginner_tom_b5,24,Tom,トム,82.742,87.832,395.582,400.672,Wow! You are not just a talking taco.,わあ！ただのしゃべるタコスじゃないんだね。,(Tom) Wow! You are not just a talking taco. 「(トム) わあ！ただのしゃべるタコスじゃないんだね。」,audio/phonics/L9/s24.mp3
5,9,08_beginner_tom_b5,25,Tom,トム,87.872,91.654,400.712,404.494,You are a real teacher.,本物の先生なんだ。,(Tom) You are a real teacher. 「(トム) 本物の先生なんだ。」,audio/phonics/L9/s25.mp3
5,9,08_beginner_tom_b5,26,Tom,トム,91.694,95.42,404.534,408.26,You are a real teacher.,本物の先生なんだ。,(Tom) You are a real teacher. 「(トム) 本物の先生なんだ。」,audio/phonics/L9/s26.mp3
6,10,09_beginner_tom_b6,1,Tom,トム,0.12,3.89,408.48,412.25,"Teacher Tacos, I don't know the road.",ティーチャータコス、ぼくは道がわからないよ。,"(Tom) Teacher Tacos, I don't know the road. 「(トム) ティーチャータコス、ぼくは道がわからないよ。」",audio/phonics/L10/s1.mp3
6,10,09_beginner_tom_b6,2,Tom,トム,3.93,7.93,412.29,416.29,"Teacher Tacos, I don't know the road.",ティーチャータコス、ぼくは道がわからないよ。,"(Tom) Teacher Tacos, I don't know the road. 「(トム) ティーチャータコス、ぼくは道がわからないよ。」",audio/phonics/L10/s2.mp3
6,10,09_beginner_tom_b6,3,Teacher Tacos,ティーチャータコス,7.97,14.03,416.33,422.39,Don't worry. You don't need a big map. The road talks.,心配しないで。大きな地図はいらないよ。道が話してくれるんだ。,(Teacher Tacos) Don't worry. You don't need a big map. The road talks. 「(ティーチャータコス) 心配しないで。大きな地図はいらないよ。道が話してくれるんだ。」,audio/phonics/L10/s3.mp3
6,10,09_beginner_tom_b6,4,Teacher Tacos,ティーチャータコス,14.07,20.25,422.43,428.61,Don't worry. You don't need a big map. The road talks.,心配しないで。大きな地図はいらないよ。道が話してくれるんだ。,(Teacher Tacos) Don't worry. You don't need a big map. The road talks. 「(ティーチャータコス) 心配しないで。大きな地図はいらないよ。道が話してくれるんだ。」,audio/phonics/L10/s4.mp3
6,10,09_beginner_tom_b6,5,Road,道,20.29,24.52,428.65,432.88,"Don't worry, Tom. I know the way.",心配しないで、トム。道はわかっているよ。,"(Road) Don't worry, Tom. I know the way. 「(道) 心配しないで、トム。道はわかっているよ。」",audio/phonics/L10/s5.mp3
6,10,09_beginner_tom_b6,6,Road,道,24.56,27.65,432.92,436.01,"Don't worry, Tom. I know the way.",心配しないで、トム。道はわかっているよ。,"(Road) Don't worry, Tom. I know the way. 「(道) 心配しないで、トム。道はわかっているよ。」",audio/phonics/L10/s6.mp3
6,10,09_beginner_tom_b6,7,Tom,トム,27.69,30.93,436.05,439.29,OK. I don't run on a new road.,わかった。新しい道では走らないよ。,(Tom) OK. I don't run on a new road. 「(トム) わかった。新しい道では走らないよ。」,audio/phonics/L10/s7.mp3
6,10,09_beginner_tom_b6,8,Tom,トム,30.97,34.29,439.33,442.65,OK. I don't run on a new road.,わかった。新しい道では走らないよ。,(Tom) OK. I don't run on a new road. 「(トム) わかった。新しい道では走らないよ。」,audio/phonics/L10/s8.mp3
6,10,09_beginner_tom_b6,9,Runner Rabbit,ランナーラビット,34.33,37.51,442.69,445.87,"Hi, Tom. I run every day.",やあ、トム。ぼくは毎日走っているよ。,"(Runner Rabbit) Hi, Tom. I run every day. 「(ランナーラビット) やあ、トム。ぼくは毎日走っているよ。」",audio/phonics/L10/s9.mp3
6,10,09_beginner_tom_b6,10,Runner Rabbit,ランナーラビット,37.55,40.73,445.91,449.09,"Hi, Tom. I run every day.",やあ、トム。ぼくは毎日走っているよ。,"(Runner Rabbit) Hi, Tom. I run every day. 「(ランナーラビット) やあ、トム。ぼくは毎日走っているよ。」",audio/phonics/L10/s10.mp3
6,10,09_beginner_tom_b6,11,Teacher Tacos,ティーチャータコス,40.77,44.04,449.13,452.4,"Easy, Tom. You don't need speed today.",落ち着いて、トム。今日は速さはいらないよ。,"(Teacher Tacos) Easy, Tom. You don't need speed today. 「(ティーチャータコス) 落ち着いて、トム。今日は速さはいらないよ。」",audio/phonics/L10/s11.mp3
6,10,09_beginner_tom_b6,12,Teacher Tacos,ティーチャータコス,44.08,47.47,452.44,455.83,"Easy, Tom. You don't need speed today.",落ち着いて、トム。今日は速さはいらないよ。,"(Teacher Tacos) Easy, Tom. You don't need speed today. 「(ティーチャータコス) 落ち着いて、トム。今日は速さはいらないよ。」",audio/phonics/L10/s12.mp3
6,10,09_beginner_tom_b6,13,Tom,トム,47.51,50.63,455.87,458.99,Phew. I don't want a race. I want a slow walk.,ふう。競走はしたくないんだ。ゆっくり歩きたい。,(Tom) Phew. I don't want a race. I want a slow walk. 「(トム) ふう。競走はしたくないんだ。ゆっくり歩きたい。」,audio/phonics/L10/s13.mp3
6,10,09_beginner_tom_b6,14,Tom,トム,50.67,54.23,459.03,462.59,Phew. I don't want a race. I want a slow walk.,ふう。競走はしたくないんだ。ゆっくり歩きたい。,(Tom) Phew. I don't want a race. I want a slow walk. 「(トム) ふう。競走はしたくないんだ。ゆっくり歩きたい。」,audio/phonics/L10/s14.mp3
6,10,09_beginner_tom_b6,15,Runner Rabbit,ランナーラビット,54.27,56.76,462.63,465.12,A slow walk? So strange!,ゆっくり歩く？変わっているね！,(Runner Rabbit) A slow walk? So strange! 「(ランナーラビット) ゆっくり歩く？変わっているね！」,audio/phonics/L10/s15.mp3
6,10,09_beginner_tom_b6,16,Runner Rabbit,ランナーラビット,56.8,59.68,465.16,468.04,A slow walk? So strange!,ゆっくり歩く？変わっているね！,(Runner Rabbit) A slow walk? So strange! 「(ランナーラビット) ゆっくり歩く？変わっているね！」,audio/phonics/L10/s16.mp3
6,10,09_beginner_tom_b6,17,Tom,トム,59.72,60.48,468.08,468.84,"Oh! The road is talking, so I walk slowly.",あっ！道が話しているから、ぼくはゆっくり歩くんだ。,"(Tom) Oh! The road is talking, so I walk slowly. 「(トム) あっ！道が話しているから、ぼくはゆっくり歩くんだ。」",audio/phonics/L10/s17.mp3
6,10,09_beginner_tom_b6,18,Tom,トム,60.52,70.82,468.88,479.18,"Oh! The road is talking, so I walk slowly.",あっ！道が話しているから、ぼくはゆっくり歩くんだ。,"(Tom) Oh! The road is talking, so I walk slowly. 「(トム) あっ！道が話しているから、ぼくはゆっくり歩くんだ。」",audio/phonics/L10/s18.mp3
7,11,10_beginner_tom_b7,1,Engineer Egg,エンジニアエッグ,0.3,5.9,479.58,485.18,"Hi, Tom. Look! This is a map.",やあ、トム。見て！これは地図だよ。,"(Engineer Egg) Hi, Tom. Look! This is a map. 「(エンジニアエッグ) やあ、トム。見て！これは地図だよ。」",audio/phonics/L11/s1.mp3
7,11,10_beginner_tom_b7,2,Map,地図,6.47,10.1,485.75,489.38,Hey! This is me!,やあ！これがぼくだよ！,(Map) Hey! This is me! 「(地図) やあ！これがぼくだよ！」,audio/phonics/L11/s2.mp3
7,11,10_beginner_tom_b7,3,Tom,トム,10.55,16.1,489.83,495.38,Aha! This is the market.,なるほど！ここが市場だね。,(Tom) Aha! This is the market. 「(トム) なるほど！ここが市場だね。」,audio/phonics/L11/s3.mp3
7,11,10_beginner_tom_b7,4,Teacher Tacos,ティーチャータコス,16.47,22.4,495.75,501.68,Yes. Good. That is the blue gate.,うん、いいね。あれが青い門だよ。,(Teacher Tacos) Yes. Good. That is the blue gate. 「(ティーチャータコス) うん、いいね。あれが青い門だよ。」,audio/phonics/L11/s4.mp3
7,11,10_beginner_tom_b7,5,Tom,トム,22.66,32.85,501.94,512.13,Is that the sound hill?,あれが音の丘なの？,(Tom) Is that the sound hill? 「(トム) あれが音の丘なの？」,audio/phonics/L11/s5.mp3
7,11,10_beginner_tom_b7,6,Tom,トム,34.29,35.67,513.57,514.95,Is that the sound hill?,あれが音の丘なの？,(Tom) Is that the sound hill? 「(トム) あれが音の丘なの？」,audio/phonics/L11/s6.mp3
7,11,10_beginner_tom_b7,7,Engineer Egg,エンジニアエッグ,35.67,37.4,514.95,516.68,"Yes, that is the sound hill.",うん、あれが音の丘だよ。,"(Engineer Egg) Yes, that is the sound hill. 「(エンジニアエッグ) うん、あれが音の丘だよ。」",audio/phonics/L11/s7.mp3
7,11,10_beginner_tom_b7,8,Pilot Panda,パイロットパンダ,37.4,39.55,516.68,518.83,"Hi, Tom. That is a boat by the gate.",やあ、トム。あれは門のそばの船だよ。,"(Pilot Panda) Hi, Tom. That is a boat by the gate. 「(パイロットパンダ) やあ、トム。あれは門のそばの船だよ。」",audio/phonics/L11/s8.mp3
7,11,10_beginner_tom_b7,9,Tom,トム,39.75,42.4,519.03,521.68,Wow. This is a big island.,わあ。この島は大きいね。,(Tom) Wow. This is a big island. 「(トム) わあ。この島は大きいね。」,audio/phonics/L11/s9.mp3
7,11,10_beginner_tom_b7,10,Tom,トム,42.55,45.15,521.83,524.43,Wow. This is a big island.,わあ。この島は大きいね。,(Tom) Wow. This is a big island. 「(トム) わあ。この島は大きいね。」,audio/phonics/L11/s10.mp3
7,11,10_beginner_tom_b7,11,Teacher Tacos,ティーチャータコス,45.32,48.2,524.6,527.48,And that is only the first page. Surprise!,しかも、それはまだ一ページ目だけだよ。びっくりでしょ！,(Teacher Tacos) And that is only the first page. Surprise! 「(ティーチャータコス) しかも、それはまだ一ページ目だけだよ。びっくりでしょ！」,audio/phonics/L11/s11.mp3
7,11,10_beginner_tom_b7,12,Teacher Tacos,ティーチャータコス,48.2,51.15,527.48,530.43,And that is only the first page. Surprise!,しかも、それはまだ一ページ目だけだよ。びっくりでしょ！,(Teacher Tacos) And that is only the first page. Surprise! 「(ティーチャータコス) しかも、それはまだ一ページ目だけだよ。びっくりでしょ！」,audio/phonics/L11/s12.mp3
7,11,10_beginner_tom_b7,13,Tom,トム,51.25,53.6,530.53,532.88,"Wow! The map is talking, too.",わあ！地図もしゃべっている！,"(Tom) Wow! The map is talking, too. 「(トム) わあ！地図もしゃべっている！」",audio/phonics/L11/s13.mp3
7,11,10_beginner_tom_b7,14,Tom,トム,53.7,56.6,532.98,535.88,"Wow! The map is talking, too.",わあ！地図もしゃべっている！,"(Tom) Wow! The map is talking, too. 「(トム) わあ！地図もしゃべっている！」",audio/phonics/L11/s14.mp3
8,12,11_beginner_tom_b8,1,Tom,トム,0.17,5.13,537.13,542.09,"Engineer Egg, what is this?",エンジニアエッグ、これは何？,"(Tom) Engineer Egg, what is this? 「(トム) エンジニアエッグ、これは何？」",audio/phonics/L12/s1.mp3
8,12,11_beginner_tom_b8,2,Tom,トム,5.17,8.13,542.13,545.09,"Engineer Egg, what is this?",エンジニアエッグ、これは何？,"(Tom) Engineer Egg, what is this? 「(トム) エンジニアエッグ、これは何？」",audio/phonics/L12/s2.mp3
8,12,11_beginner_tom_b8,3,Engineer Egg,エンジニアエッグ,8.17,11.25,545.13,548.21,Look. This is a sound machine.,見て。これは音マシンだよ。,(Engineer Egg) Look. This is a sound machine. 「(エンジニアエッグ) 見て。これは音マシンだよ。」,audio/phonics/L12/s3.mp3
8,12,11_beginner_tom_b8,4,Engineer Egg,エンジニアエッグ,11.29,14.13,548.25,551.09,Look. This is a sound machine.,見て。これは音マシンだよ。,(Engineer Egg) Look. This is a sound machine. 「(エンジニアエッグ) 見て。これは音マシンだよ。」,audio/phonics/L12/s4.mp3
8,12,11_beginner_tom_b8,5,Sound Machine,音マシン,14.17,19.13,551.13,556.09,Ding! I am awake. Hello!,ディン！目が覚めたよ。こんにちは！,(Sound Machine) Ding! I am awake. Hello! 「(音マシン) ディン！目が覚めたよ。こんにちは！」,audio/phonics/L12/s5.mp3
8,12,11_beginner_tom_b8,6,Sound Machine,音マシン,19.17,22.12,556.13,559.08,Ding! I am awake. Hello!,ディン！目が覚めたよ。こんにちは！,(Sound Machine) Ding! I am awake. Hello! 「(音マシン) ディン！目が覚めたよ。こんにちは！」,audio/phonics/L12/s6.mp3
8,12,11_beginner_tom_b8,7,Tom,トム,22.16,25.13,559.12,562.09,OK. What do you make with this machine?,わかった。この機械で何を作るの？,(Tom) OK. What do you make with this machine? 「(トム) わかった。この機械で何を作るの？」,audio/phonics/L12/s7.mp3
8,12,11_beginner_tom_b8,8,Tom,トム,25.17,28.99,562.13,565.95,OK. What do you make with this machine?,わかった。この機械で何を作るの？,(Tom) OK. What do you make with this machine? 「(トム) わかった。この機械で何を作るの？」,audio/phonics/L12/s8.mp3
8,12,11_beginner_tom_b8,9,Engineer Egg,エンジニアエッグ,29.03,32.25,565.99,569.21,I make a bell sound. Listen.,ベルの音を作るんだ。聞いて。,(Engineer Egg) I make a bell sound. Listen. 「(エンジニアエッグ) ベルの音を作るんだ。聞いて。」,audio/phonics/L12/s9.mp3
8,12,11_beginner_tom_b8,10,Engineer Egg,エンジニアエッグ,32.29,39.12,569.25,576.08,I make a bell sound. Listen.,ベルの音を作るんだ。聞いて。,(Engineer Egg) I make a bell sound. Listen. 「(エンジニアエッグ) ベルの音を作るんだ。聞いて。」,audio/phonics/L12/s10.mp3
8,12,11_beginner_tom_b8,11,Magician Mouse,マジシャンマウス,39.16,42.82,576.12,579.78,"Hi, Engineer Egg. What do you need?",やあ、エンジニアエッグ。何が必要なの？,"(Magician Mouse) Hi, Engineer Egg. What do you need? 「(マジシャンマウス) やあ、エンジニアエッグ。何が必要なの？」",audio/phonics/L12/s11.mp3
8,12,11_beginner_tom_b8,12,Magician Mouse,マジシャンマウス,42.86,45.492,579.82,582.452,"Hi, Engineer Egg. What do you need?",やあ、エンジニアエッグ。何が必要なの？,"(Magician Mouse) Hi, Engineer Egg. What do you need? 「(マジシャンマウス) やあ、エンジニアエッグ。何が必要なの？」",audio/phonics/L12/s12.mp3
8,12,11_beginner_tom_b8,13,Engineer Egg,エンジニアエッグ,45.532,48.612,582.492,585.572,Wait... I need a small key.,待って……小さな鍵が必要だ。,(Engineer Egg) Wait... I need a small key. 「(エンジニアエッグ) 待って……小さな鍵が必要だ。」,audio/phonics/L12/s13.mp3
8,12,11_beginner_tom_b8,14,Engineer Egg,エンジニアエッグ,48.652,51.732,585.612,588.692,Wait... I need a small key.,待って……小さな鍵が必要だ。,(Engineer Egg) Wait... I need a small key. 「(エンジニアエッグ) 待って……小さな鍵が必要だ。」,audio/phonics/L12/s14.mp3
8,12,11_beginner_tom_b8,15,Tom,トム,51.772,54.302,588.732,591.262,Oh? What is that?,あれ？あれは何？,(Tom) Oh? What is that? 「(トム) あれ？あれは何？」,audio/phonics/L12/s15.mp3
8,12,11_beginner_tom_b8,16,Tom,トム,54.342,55.972,591.302,592.932,Oh? What is that?,あれ？あれは何？,(Tom) Oh? What is that? 「(トム) あれ？あれは何？」,audio/phonics/L12/s16.mp3
8,12,11_beginner_tom_b8,17,Magician Mouse,マジシャンマウス,56.012,59.102,592.972,596.062,Ta-da! That is the key box.,ジャーン！あれは鍵の箱だよ。,(Magician Mouse) Ta-da! That is the key box. 「(マジシャンマウス) ジャーン！あれは鍵の箱だよ。」,audio/phonics/L12/s17.mp3
8,12,11_beginner_tom_b8,18,Magician Mouse,マジシャンマウス,59.142,61.842,596.102,598.802,Ta-da! That is the key box.,ジャーン！あれは鍵の箱だよ。,(Magician Mouse) Ta-da! That is the key box. 「(マジシャンマウス) ジャーン！あれは鍵の箱だよ。」,audio/phonics/L12/s18.mp3
8,12,11_beginner_tom_b8,19,Tom,トム,61.882,63.502,598.842,600.462,What is in the box?,箱の中には何が入っているの？,(Tom) What is in the box? 「(トム) 箱の中には何が入っているの？」,audio/phonics/L12/s19.mp3
8,12,11_beginner_tom_b8,20,Tom,トム,63.542,67.358,600.502,604.318,What is in the box?,箱の中には何が入っているの？,(Tom) What is in the box? 「(トム) 箱の中には何が入っているの？」,audio/phonics/L12/s20.mp3
8,12,11_beginner_tom_b8,21,Magician Mouse,マジシャンマウス,67.398,70.365,604.358,607.325,A small surprise. Hee-hee.,小さなびっくりだよ。へへ。,(Magician Mouse) A small surprise. Hee-hee. 「(マジシャンマウス) 小さなびっくりだよ。へへ。」,audio/phonics/L12/s21.mp3
8,12,11_beginner_tom_b8,22,Magician Mouse,マジシャンマウス,70.405,73.249,607.365,610.209,A small surprise. Hee-hee.,小さなびっくりだよ。へへ。,(Magician Mouse) A small surprise. Hee-hee. 「(マジシャンマウス) 小さなびっくりだよ。へへ。」,audio/phonics/L12/s22.mp3
8,12,11_beginner_tom_b8,23,Key Box,鍵の箱,73.289,74.909,610.249,611.869,"Knock, knock!",コンコン！,"(Key Box) Knock, knock! 「(鍵の箱) コンコン！」",audio/phonics/L12/s23.mp3
8,12,11_beginner_tom_b8,24,Key Box,鍵の箱,74.949,76.859,611.909,613.819,"Knock, knock!",コンコン！,"(Key Box) Knock, knock! 「(鍵の箱) コンコン！」",audio/phonics/L12/s24.mp3
8,12,11_beginner_tom_b8,25,Tom,トム,76.899,79.619,613.859,616.579,Whoa! The key box is talking!,うわっ！鍵の箱がしゃべっている！,(Tom) Whoa! The key box is talking! 「(トム) うわっ！鍵の箱がしゃべっている！」,audio/phonics/L12/s25.mp3
8,12,11_beginner_tom_b8,26,Tom,トム,79.659,82.38,616.619,619.34,Whoa! The key box is talking!,うわっ！鍵の箱がしゃべっている！,(Tom) Whoa! The key box is talking! 「(トム) うわっ！鍵の箱がしゃべっている！」,audio/phonics/L12/s26.mp3
9,13,12_beginner_tom_b9,1,Tom,トム,0.24,5.77,619.68,625.21,"Teacher Tacos, who is that?",ティーチャータコス、あれはだれ？,"(Tom) Teacher Tacos, who is that? 「(トム) ティーチャータコス、あれはだれ？」",audio/phonics/L13/s1.mp3
9,13,12_beginner_tom_b9,2,Tom,トム,5.77,8.19,625.21,627.63,"Teacher Tacos, who is that?",ティーチャータコス、あれはだれ？,"(Tom) Teacher Tacos, who is that? 「(トム) ティーチャータコス、あれはだれ？」",audio/phonics/L13/s2.mp3
9,13,12_beginner_tom_b9,3,Teacher Tacos,ティーチャータコス,8.19,13.4,627.63,632.84,Look. That is Singer Snake.,見て。あれはシンガースネークだよ。,(Teacher Tacos) Look. That is Singer Snake. 「(ティーチャータコス) 見て。あれはシンガースネークだよ。」,audio/phonics/L13/s3.mp3
9,13,12_beginner_tom_b9,4,Teacher Tacos,ティーチャータコス,13.4,15.18,632.84,634.62,Look. That is Singer Snake.,見て。あれはシンガースネークだよ。,(Teacher Tacos) Look. That is Singer Snake. 「(ティーチャータコス) 見て。あれはシンガースネークだよ。」,audio/phonics/L13/s4.mp3
9,13,12_beginner_tom_b9,5,Singer Snake,シンガースネーク,15.18,20.17,634.62,639.61,"Hi, Tom. I sing for the island.",やあ、トム。ぼくは島のために歌っているよ。,"(Singer Snake) Hi, Tom. I sing for the island. 「(シンガースネーク) やあ、トム。ぼくは島のために歌っているよ。」",audio/phonics/L13/s5.mp3
9,13,12_beginner_tom_b9,6,Singer Snake,シンガースネーク,20.17,22.18,639.61,641.62,"Hi, Tom. I sing for the island.",やあ、トム。ぼくは島のために歌っているよ。,"(Singer Snake) Hi, Tom. I sing for the island. 「(シンガースネーク) やあ、トム。ぼくは島のために歌っているよ。」",audio/phonics/L13/s6.mp3
9,13,12_beginner_tom_b9,7,Teacher Tacos,ティーチャータコス,22.18,28.18,641.62,647.62,Wait. I smell super salsa. Oh wow. I must follow that smell!,待って。すごいサルサのにおいがする。わあ、そのにおいを追いかけなきゃ！,(Teacher Tacos) Wait. I smell super salsa. Oh wow. I must follow that smell! 「(ティーチャータコス) 待って。すごいサルサのにおいがする。わあ、そのにおいを追いかけなきゃ！」,audio/phonics/L13/s7.mp3
9,13,12_beginner_tom_b9,8,Teacher Tacos,ティーチャータコス,28.24,33.39,647.68,652.83,Wait. I smell super salsa. Oh wow. I must follow that smell!,待って。すごいサルサのにおいがする。わあ、そのにおいを追いかけなきゃ！,(Teacher Tacos) Wait. I smell super salsa. Oh wow. I must follow that smell! 「(ティーチャータコス) 待って。すごいサルサのにおいがする。わあ、そのにおいを追いかけなきゃ！」,audio/phonics/L13/s8.mp3
9,13,12_beginner_tom_b9,9,Tom,トム,33.39,39.18,652.83,658.62,Oh no! Teacher Tacos is running away!,大変！ティーチャータコスが走って行っちゃった！,(Tom) Oh no! Teacher Tacos is running away! 「(トム) 大変！ティーチャータコスが走って行っちゃった！」,audio/phonics/L13/s9.mp3
9,13,12_beginner_tom_b9,10,Tom,トム,39.18,42.67,658.62,662.11,Oh no! Teacher Tacos is running away!,大変！ティーチャータコスが走って行っちゃった！,(Tom) Oh no! Teacher Tacos is running away! 「(トム) 大変！ティーチャータコスが走って行っちゃった！」,audio/phonics/L13/s10.mp3
9,13,12_beginner_tom_b9,11,Aunt Ant,アントおばさん,48.18,53.55,667.62,672.99,"Hi, Tom. Don't worry. I can be your guide for now.",こんにちは、トム。心配しないで。今は私が案内役になれるよ。,"(Aunt Ant) Hi, Tom. Don't worry. I can be your guide for now. 「(アントおばさん) こんにちは、トム。心配しないで。今は私が案内役になれるよ。」",audio/phonics/L13/s11.mp3
9,13,12_beginner_tom_b9,12,Aunt Ant,アントおばさん,53.55,54.19,672.99,673.63,"Hi, Tom. Don't worry. I can be your guide for now.",こんにちは、トム。心配しないで。今は私が案内役になれるよ。,"(Aunt Ant) Hi, Tom. Don't worry. I can be your guide for now. 「(アントおばさん) こんにちは、トム。心配しないで。今は私が案内役になれるよ。」",audio/phonics/L13/s12.mp3
9,13,12_beginner_tom_b9,13,Tom,トム,54.19,61.18,673.63,680.62,"Thank you, Aunt Ant. OK. Who do you help, Singer Snake?",ありがとう、アントおばさん。よし。シンガースネーク、きみはだれを助けるの？,"(Tom) Thank you, Aunt Ant. OK. Who do you help, Singer Snake? 「(トム) ありがとう、アントおばさん。よし。シンガースネーク、きみはだれを助けるの？」",audio/phonics/L13/s13.mp3
9,13,12_beginner_tom_b9,14,Tom,トム,61.19,68.18,680.63,687.62,"Thank you, Aunt Ant. OK. Who do you help, Singer Snake?",ありがとう、アントおばさん。よし。シンガースネーク、きみはだれを助けるの？,"(Tom) Thank you, Aunt Ant. OK. Who do you help, Singer Snake? 「(トム) ありがとう、アントおばさん。よし。シンガースネーク、きみはだれを助けるの？」",audio/phonics/L13/s14.mp3
9,13,12_beginner_tom_b9,15,Singer Snake,シンガースネーク,71.09,73.76,690.53,693.2,I help Baker Bear and Tom. La-la!,ベイカーベアとトムを助けるよ。ララ！,(Singer Snake) I help Baker Bear and Tom. La-la! 「(シンガースネーク) ベイカーベアとトムを助けるよ。ララ！」,audio/phonics/L13/s15.mp3
9,13,12_beginner_tom_b9,16,Singer Snake,シンガースネーク,73.76,75.18,693.2,694.62,I help Baker Bear and Tom. La-la!,ベイカーベアとトムを助けるよ。ララ！,(Singer Snake) I help Baker Bear and Tom. La-la! 「(シンガースネーク) ベイカーベアとトムを助けるよ。ララ！」,audio/phonics/L13/s16.mp3
9,13,12_beginner_tom_b9,17,Old Book,古い本,75.19,78.18,694.63,697.62,Wait... Who is by me?,待って……私のそばにいるのはだれ？,(Old Book) Wait... Who is by me? 「(古い本) 待って……私のそばにいるのはだれ？」,audio/phonics/L13/s17.mp3
9,13,12_beginner_tom_b9,18,Old Book,古い本,78.19,81.5,697.63,700.94,Wait... Who is by me?,待って……私のそばにいるのはだれ？,(Old Book) Wait... Who is by me? 「(古い本) 待って……私のそばにいるのはだれ？」,audio/phonics/L13/s18.mp3
9,13,12_beginner_tom_b9,19,Tom,トム,82.16,85.16,701.6,704.6,Oh! The old book is talking!,あっ！古い本がしゃべっている！,(Tom) Oh! The old book is talking! 「(トム) あっ！古い本がしゃべっている！」,audio/phonics/L13/s19.mp3
9,13,12_beginner_tom_b9,20,Tom,トム,85.16,88.18,704.6,707.62,Oh! The old book is talking!,あっ！古い本がしゃべっている！,(Tom) Oh! The old book is talking! 「(トム) あっ！古い本がしゃべっている！」,audio/phonics/L13/s20.mp3
9,13,12_beginner_tom_b9,21,Librarian Lion,司書ライオン,88.19,91.18,707.63,710.62,Hello? Who is by the old book?,もしもし？古い本のそばにいるのはだれ？,(Librarian Lion) Hello? Who is by the old book? 「(司書ライオン) もしもし？古い本のそばにいるのはだれ？」,audio/phonics/L13/s21.mp3
9,13,12_beginner_tom_b9,22,Librarian Lion,司書ライオン,91.19,93.85,710.63,713.29,Hello? Who is by the old book?,もしもし？古い本のそばにいるのはだれ？,(Librarian Lion) Hello? Who is by the old book? 「(司書ライオン) もしもし？古い本のそばにいるのはだれ？」,audio/phonics/L13/s22.mp3
9,13,12_beginner_tom_b9,23,Tom,トム,94.19,100.18,713.63,719.62,"OK, I am by the old book. Who is on the show stage?",わかった、ぼくは古い本のそばにいるよ。ショーのステージにいるのはだれ？,"(Tom) OK, I am by the old book. Who is on the show stage? 「(トム) わかった、ぼくは古い本のそばにいるよ。ショーのステージにいるのはだれ？」",audio/phonics/L13/s23.mp3
9,13,12_beginner_tom_b9,24,Tom,トム,100.19,107.18,719.63,726.62,"OK, I am by the old book. Who is on the show stage?",わかった、ぼくは古い本のそばにいるよ。ショーのステージにいるのはだれ？,"(Tom) OK, I am by the old book. Who is on the show stage? 「(トム) わかった、ぼくは古い本のそばにいるよ。ショーのステージにいるのはだれ？」",audio/phonics/L13/s24.mp3
9,13,12_beginner_tom_b9,25,Aunt Ant,アントおばさん,107.81,114.18,727.25,733.62,Juggler Jellyfish is on the stage. Teacher Tacos is... maybe with the salsa.,ジャグラークラゲがステージにいるよ。ティーチャータコスは……たぶんサルサのところかな。,(Aunt Ant) Juggler Jellyfish is on the stage. Teacher Tacos is... maybe with the salsa. 「(アントおばさん) ジャグラークラゲがステージにいるよ。ティーチャータコスは……たぶんサルサのところかな。」,audio/phonics/L13/s25.mp3
9,13,12_beginner_tom_b9,26,Aunt Ant,アントおばさん,116.21,121.18,735.65,740.62,Juggler Jellyfish is on the stage. Teacher Tacos is... maybe with the salsa.,ジャグラークラゲがステージにいるよ。ティーチャータコスは……たぶんサルサのところかな。,(Aunt Ant) Juggler Jellyfish is on the stage. Teacher Tacos is... maybe with the salsa. 「(アントおばさん) ジャグラークラゲがステージにいるよ。ティーチャータコスは……たぶんサルサのところかな。」,audio/phonics/L13/s26.mp3
10,14,13_beginner_tom_b10,1,Tom,トム,0.04,7.29,744.28,751.53,Teacher Tacos is gone.,ティーチャータコスがいなくなっちゃった。,(Tom) Teacher Tacos is gone. 「(トム) ティーチャータコスがいなくなっちゃった。」,audio/phonics/L14/s1.mp3
10,14,13_beginner_tom_b10,2,Tom,トム,7.33,8.912,751.57,753.152,Teacher Tacos is gone.,ティーチャータコスがいなくなっちゃった。,(Tom) Teacher Tacos is gone. 「(トム) ティーチャータコスがいなくなっちゃった。」,audio/phonics/L14/s2.mp3
10,14,13_beginner_tom_b10,3,Aunt Ant,アントおばさん,8.952,15.542,753.192,759.782,Don't worry. I can show you friends.,心配しないで。私が仲間たちを紹介できるよ。,(Aunt Ant) Don't worry. I can show you friends. 「(アントおばさん) 心配しないで。私が仲間たちを紹介できるよ。」,audio/phonics/L14/s3.mp3
10,14,13_beginner_tom_b10,4,Aunt Ant,アントおばさん,15.582,18.214,759.822,762.454,Don't worry. I can show you friends.,心配しないで。私が仲間たちを紹介できるよ。,(Aunt Ant) Don't worry. I can show you friends. 「(アントおばさん) 心配しないで。私が仲間たちを紹介できるよ。」,audio/phonics/L14/s4.mp3
10,14,13_beginner_tom_b10,5,Tom,トム,18.254,23.384,762.494,767.624,OK. Who is he?,わかった。彼はだれ？,(Tom) OK. Who is he? 「(トム) わかった。彼はだれ？」,audio/phonics/L14/s5.mp3
10,14,13_beginner_tom_b10,6,Tom,トム,23.424,25.006,767.664,769.246,OK. Who is he?,わかった。彼はだれ？,(Tom) OK. Who is he? 「(トム) わかった。彼はだれ？」,audio/phonics/L14/s6.mp3
10,14,13_beginner_tom_b10,7,Aunt Ant,アントおばさん,25.046,28.028,769.286,772.268,He is Doctor Dragon. He is kind. Great!,彼はドクタードラゴンだよ。やさしいんだ。すてきでしょ！,(Aunt Ant) He is Doctor Dragon. He is kind. Great! 「(アントおばさん) 彼はドクタードラゴンだよ。やさしいんだ。すてきでしょ！」,audio/phonics/L14/s7.mp3
10,14,13_beginner_tom_b10,8,Aunt Ant,アントおばさん,28.068,31.551,772.308,775.791,He is Doctor Dragon. He is kind. Great!,彼はドクタードラゴンだよ。やさしいんだ。すてきでしょ！,(Aunt Ant) He is Doctor Dragon. He is kind. Great! 「(アントおばさん) 彼はドクタードラゴンだよ。やさしいんだ。すてきでしょ！」,audio/phonics/L14/s8.mp3
10,14,13_beginner_tom_b10,9,Tom,トム,31.591,33.401,775.831,777.641,And who is she?,それで、彼女はだれ？,(Tom) And who is she? 「(トム) それで、彼女はだれ？」,audio/phonics/L14/s9.mp3
10,14,13_beginner_tom_b10,10,Tom,トム,33.441,36.831,777.681,781.071,And who is she?,それで、彼女はだれ？,(Tom) And who is she? 「(トム) それで、彼女はだれ？」,audio/phonics/L14/s10.mp3
10,14,13_beginner_tom_b10,11,Aunt Ant,アントおばさん,36.871,42.987,781.111,787.227,She is Juggler Jellyfish. She is a juggler. Wow!,彼女はジャグラークラゲだよ。ジャグラーなんだ。わあ！,(Aunt Ant) She is Juggler Jellyfish. She is a juggler. Wow! 「(アントおばさん) 彼女はジャグラークラゲだよ。ジャグラーなんだ。わあ！」,audio/phonics/L14/s11.mp3
10,14,13_beginner_tom_b10,12,Aunt Ant,アントおばさん,43.027,49.081,787.267,793.321,She is Juggler Jellyfish. She is a juggler. Wow!,彼女はジャグラークラゲだよ。ジャグラーなんだ。わあ！,(Aunt Ant) She is Juggler Jellyfish. She is a juggler. Wow! 「(アントおばさん) 彼女はジャグラークラゲだよ。ジャグラーなんだ。わあ！」,audio/phonics/L14/s12.mp3
10,14,13_beginner_tom_b10,13,Tom,トム,49.121,52.901,793.361,797.141,Whoa! What is that in the air?,うわっ！空中にあるあれは何？,(Tom) Whoa! What is that in the air? 「(トム) うわっ！空中にあるあれは何？」,audio/phonics/L14/s13.mp3
10,14,13_beginner_tom_b10,14,Tom,トム,52.941,55.911,797.181,800.151,Whoa! What is that in the air?,うわっ！空中にあるあれは何？,(Tom) Whoa! What is that in the air? 「(トム) うわっ！空中にあるあれは何？」,audio/phonics/L14/s14.mp3
10,14,13_beginner_tom_b10,15,Juggler Jellyfish,ジャグラークラゲ,55.951,60.221,800.191,804.461,It is a jumping cup. It loves drama.,跳ねるカップだよ。大げさなことが大好きなんだ。,(Juggler Jellyfish) It is a jumping cup. It loves drama. 「(ジャグラークラゲ) 跳ねるカップだよ。大げさなことが大好きなんだ。」,audio/phonics/L14/s15.mp3
10,14,13_beginner_tom_b10,16,Juggler Jellyfish,ジャグラークラゲ,60.261,65.101,804.501,809.341,It is a jumping cup. It loves drama.,跳ねるカップだよ。大げさなことが大好きなんだ。,(Juggler Jellyfish) It is a jumping cup. It loves drama. 「(ジャグラークラゲ) 跳ねるカップだよ。大げさなことが大好きなんだ。」,audio/phonics/L14/s16.mp3
10,14,13_beginner_tom_b10,17,Tom,トム,65.141,70.94,809.381,815.18,Who is he by the stage?,ステージのそばにいる彼はだれ？,(Tom) Who is he by the stage? 「(トム) ステージのそばにいる彼はだれ？」,audio/phonics/L14/s17.mp3
10,14,13_beginner_tom_b10,18,Tom,トム,70.98,77.346,815.22,821.586,Who is he by the stage?,ステージのそばにいる彼はだれ？,(Tom) Who is he by the stage? 「(トム) ステージのそばにいる彼はだれ？」,audio/phonics/L14/s18.mp3
10,14,13_beginner_tom_b10,19,Aunt Ant,アントおばさん,77.386,83.568,821.626,827.808,He is King Kangaroo. He is the king. Careful!,彼はキングカンガルーだよ。王様なんだ。気をつけて！,(Aunt Ant) He is King Kangaroo. He is the king. Careful! 「(アントおばさん) 彼はキングカンガルーだよ。王様なんだ。気をつけて！」,audio/phonics/L14/s19.mp3
10,14,13_beginner_tom_b10,20,Aunt Ant,アントおばさん,83.608,89.693,827.848,833.933,He is King Kangaroo. He is the king. Careful!,彼はキングカンガルーだよ。王様なんだ。気をつけて！,(Aunt Ant) He is King Kangaroo. He is the king. Careful! 「(アントおばさん) 彼はキングカンガルーだよ。王様なんだ。気をつけて！」,audio/phonics/L14/s20.mp3
10,14,13_beginner_tom_b10,21,King Kangaroo,キングカンガルー,89.733,94.713,833.973,838.953,"Hello, Tom! Wow! My crown is jumping, too.",こんにちは、トム！わあ！ぼくの王冠も跳ねているよ。,"(King Kangaroo) Hello, Tom! Wow! My crown is jumping, too. 「(キングカンガルー) こんにちは、トム！わあ！ぼくの王冠も跳ねているよ。」",audio/phonics/L14/s21.mp3
10,14,13_beginner_tom_b10,22,King Kangaroo,キングカンガルー,94.753,100.68,838.993,844.92,"Hello, Tom! Wow! My crown is jumping, too.",こんにちは、トム！わあ！ぼくの王冠も跳ねているよ。,"(King Kangaroo) Hello, Tom! Wow! My crown is jumping, too. 「(キングカンガルー) こんにちは、トム！わあ！ぼくの王冠も跳ねているよ。」",audio/phonics/L14/s22.mp3
11,15,11_beginner_tom_b11,1,Aunt Ant,アントおばさん,0.22,4.826,845.14,849.746,Look. Baker Bear bakes bread every morning.,見て。ベイカーベアは毎朝パンを焼くんだ。,(Aunt Ant) Look. Baker Bear bakes bread every morning. 「(アントおばさん) 見て。ベイカーベアは毎朝パンを焼くんだ。」,audio/phonics/L15/s1.mp3
11,15,11_beginner_tom_b11,2,Aunt Ant,アントおばさん,4.866,10.61,849.786,855.53,Look. Baker Bear bakes bread every morning.,見て。ベイカーベアは毎朝パンを焼くんだ。,(Aunt Ant) Look. Baker Bear bakes bread every morning. 「(アントおばさん) 見て。ベイカーベアは毎朝パンを焼くんだ。」,audio/phonics/L15/s2.mp3
11,15,11_beginner_tom_b11,3,Bread,パン,10.65,12.16,855.57,857.08,Good morning! Yay!,おはよう！やったー！,(Bread) Good morning! Yay! 「(パン) おはよう！やったー！」,audio/phonics/L15/s3.mp3
11,15,11_beginner_tom_b11,4,Bread,パン,12.2,14.09,857.12,859.01,Good morning! Yay!,おはよう！やったー！,(Bread) Good morning! Yay! 「(パン) おはよう！やったー！」,audio/phonics/L15/s4.mp3
11,15,11_beginner_tom_b11,5,Tom,トム,14.13,16.55,859.05,861.47,Wow. He works early.,わあ。朝早くから働いているんだね。,(Tom) Wow. He works early. 「(トム) わあ。朝早くから働いているんだね。」,audio/phonics/L15/s5.mp3
11,15,11_beginner_tom_b11,6,Tom,トム,16.59,18.67,861.51,863.59,Wow. He works early.,わあ。朝早くから働いているんだね。,(Tom) Wow. He works early. 「(トム) わあ。朝早くから働いているんだね。」,audio/phonics/L15/s6.mp3
11,15,11_beginner_tom_b11,7,Cowboy Cat,カウボーイキャット,18.71,21.47,863.63,866.39,Yes. He likes warm bread.,うん。彼は温かいパンが好きなんだ。,(Cowboy Cat) Yes. He likes warm bread. 「(カウボーイキャット) うん。彼は温かいパンが好きなんだ。」,audio/phonics/L15/s7.mp3
11,15,11_beginner_tom_b11,8,Cowboy Cat,カウボーイキャット,21.51,25.28,866.43,870.2,Yes. He likes warm bread.,うん。彼は温かいパンが好きなんだ。,(Cowboy Cat) Yes. He likes warm bread. 「(カウボーイキャット) うん。彼は温かいパンが好きなんだ。」,audio/phonics/L15/s8.mp3
11,15,11_beginner_tom_b11,9,Tom,トム,25.32,29.73,870.24,874.65,Does the bread say good morning every day?,パンは毎日おはようって言うの？,(Tom) Does the bread say good morning every day? 「(トム) パンは毎日おはようって言うの？」,audio/phonics/L15/s9.mp3
11,15,11_beginner_tom_b11,10,Tom,トム,29.77,34.946,874.69,879.866,Does the bread say good morning every day?,パンは毎日おはようって言うの？,(Tom) Does the bread say good morning every day? 「(トム) パンは毎日おはようって言うの？」,audio/phonics/L15/s10.mp3
11,15,11_beginner_tom_b11,11,Baker Bear,ベイカーベア,34.986,38.305,879.906,883.225,"Yes, it does. Every day.",うん、言うよ。毎日ね。,"(Baker Bear) Yes, it does. Every day. 「(ベイカーベア) うん、言うよ。毎日ね。」",audio/phonics/L15/s11.mp3
11,15,11_beginner_tom_b11,12,Baker Bear,ベイカーベア,38.345,41.56,883.265,886.48,"Yes, it does. Every day.",うん、言うよ。毎日ね。,"(Baker Bear) Yes, it does. Every day. 「(ベイカーベア) うん、言うよ。毎日ね。」",audio/phonics/L15/s12.mp3
11,15,11_beginner_tom_b11,13,Tom,トム,41.6,44.7,886.52,889.62,"OK. Does he bake cakes, too?",わかった。彼はケーキも焼くの？,"(Tom) OK. Does he bake cakes, too? 「(トム) わかった。彼はケーキも焼くの？」",audio/phonics/L15/s13.mp3
11,15,11_beginner_tom_b11,14,Tom,トム,44.74,49.11,889.66,894.03,"OK. Does he bake cakes, too?",わかった。彼はケーキも焼くの？,"(Tom) OK. Does he bake cakes, too? 「(トム) わかった。彼はケーキも焼くの？」",audio/phonics/L15/s14.mp3
11,15,11_beginner_tom_b11,15,Cowboy Cat,カウボーイキャット,49.15,55.044,894.07,899.964,"Yes, he does. No. He doesn't bake fish cakes.",うん、焼くよ。でも魚のケーキは焼かないよ。,"(Cowboy Cat) Yes, he does. No. He doesn't bake fish cakes. 「(カウボーイキャット) うん、焼くよ。でも魚のケーキは焼かないよ。」",audio/phonics/L15/s15.mp3
11,15,11_beginner_tom_b11,16,Cowboy Cat,カウボーイキャット,55.084,60.872,900.004,905.792,"Yes, he does. No. He doesn't bake fish cakes.",うん、焼くよ。でも魚のケーキは焼かないよ。,"(Cowboy Cat) Yes, he does. No. He doesn't bake fish cakes. 「(カウボーイキャット) うん、焼くよ。でも魚のケーキは焼かないよ。」",audio/phonics/L15/s16.mp3
11,15,11_beginner_tom_b11,17,Tom,トム,60.912,68.102,905.832,913.022,Good! I like sweet cakes. Does Teacher Tacos teach every day?,よかった！ぼくは甘いケーキが好き。ティーチャータコスは毎日教えるの？,(Tom) Good! I like sweet cakes. Does Teacher Tacos teach every day? 「(トム) よかった！ぼくは甘いケーキが好き。ティーチャータコスは毎日教えるの？」,audio/phonics/L15/s17.mp3
11,15,11_beginner_tom_b11,18,Tom,トム,68.142,75.012,913.062,919.932,Good! I like sweet cakes. Does Teacher Tacos teach every day?,よかった！ぼくは甘いケーキが好き。ティーチャータコスは毎日教えるの？,(Tom) Good! I like sweet cakes. Does Teacher Tacos teach every day? 「(トム) よかった！ぼくは甘いケーキが好き。ティーチャータコスは毎日教えるの？」,audio/phonics/L15/s18.mp3
11,15,11_beginner_tom_b11,19,Cowboy Cat,カウボーイキャット,75.052,80.83,919.972,925.75,"Yes, he does. Wow. He teaches with salsa cards.",うん、教えるよ。わあ、サルサカードで教えるんだ。,"(Cowboy Cat) Yes, he does. Wow. He teaches with salsa cards. 「(カウボーイキャット) うん、教えるよ。わあ、サルサカードで教えるんだ。」",audio/phonics/L15/s19.mp3
11,15,11_beginner_tom_b11,20,Cowboy Cat,カウボーイキャット,80.87,86.625,925.79,931.545,"Yes, he does. Wow. He teaches with salsa cards.",うん、教えるよ。わあ、サルサカードで教えるんだ。,"(Cowboy Cat) Yes, he does. Wow. He teaches with salsa cards. 「(カウボーイキャット) うん、教えるよ。わあ、サルサカードで教えるんだ。」",audio/phonics/L15/s20.mp3
11,15,11_beginner_tom_b11,21,Aunt Ant,アントおばさん,86.665,93.945,931.585,938.865,And today he follows a salsa smell. Too much!,そして今日はサルサのにおいを追いかけているよ。やりすぎだね！,(Aunt Ant) And today he follows a salsa smell. Too much! 「(アントおばさん) そして今日はサルサのにおいを追いかけているよ。やりすぎだね！」,audio/phonics/L15/s21.mp3
11,15,11_beginner_tom_b11,22,Aunt Ant,アントおばさん,93.985,98.262,938.905,943.182,And today he follows a salsa smell. Too much!,そして今日はサルサのにおいを追いかけているよ。やりすぎだね！,(Aunt Ant) And today he follows a salsa smell. Too much! 「(アントおばさん) そして今日はサルサのにおいを追いかけているよ。やりすぎだね！」,audio/phonics/L15/s22.mp3
12,16,12_beginner_tom_b12,1,Tom,トム,0.06,1.44,943.34,944.72,When is the show?,ショーはいつなの？,(Tom) When is the show? 「(トム) ショーはいつなの？」,audio/phonics/L16/s1.mp3
12,16,12_beginner_tom_b12,2,Tom,トム,1.62,3.0,944.9,946.28,When is the show?,ショーはいつなの？,(Tom) When is the show? 「(トム) ショーはいつなの？」,audio/phonics/L16/s2.mp3
12,16,12_beginner_tom_b12,3,Clock,時計,3.2,10.16,946.48,953.44,Now? Now? Please? Start the show now!,今？今？お願い？今すぐショーを始めて！,(Clock) Now? Now? Please? Start the show now! 「(時計) 今？今？お願い？今すぐショーを始めて！」,audio/phonics/L16/s3.mp3
12,16,12_beginner_tom_b12,4,Clock,時計,10.7,16.57,953.98,959.85,Now? Now? Please? Start the show now!,今？今？お願い？今すぐショーを始めて！,(Clock) Now? Now? Please? Start the show now! 「(時計) 今？今？お願い？今すぐショーを始めて！」,audio/phonics/L16/s4.mp3
12,16,12_beginner_tom_b12,5,Tom,トム,17.02,20.72,960.3,964.0,Whoa! The clock is too excited!,うわっ！時計が興奮しすぎている！,(Tom) Whoa! The clock is too excited! 「(トム) うわっ！時計が興奮しすぎている！」,audio/phonics/L16/s5.mp3
12,16,12_beginner_tom_b12,6,Tom,トム,20.92,23.67,964.2,966.95,Whoa! The clock is too excited!,うわっ！時計が興奮しすぎている！,(Tom) Whoa! The clock is too excited! 「(トム) うわっ！時計が興奮しすぎている！」,audio/phonics/L16/s6.mp3
12,16,12_beginner_tom_b12,7,Aunt Ant,アントおばさん,23.92,29.41,967.2,972.69,"OK, clock. The show is at two. The clock is always early.",わかったよ、時計さん。ショーは二時だよ。時計はいつも早すぎるね。,"(Aunt Ant) OK, clock. The show is at two. The clock is always early. 「(アントおばさん) わかったよ、時計さん。ショーは二時だよ。時計はいつも早すぎるね。」",audio/phonics/L16/s7.mp3
12,16,12_beginner_tom_b12,8,Aunt Ant,アントおばさん,29.72,35.45,973.0,978.73,"OK, clock. The show is at two. The clock is always early.",わかったよ、時計さん。ショーは二時だよ。時計はいつも早すぎるね。,"(Aunt Ant) OK, clock. The show is at two. The clock is always early. 「(アントおばさん) わかったよ、時計さん。ショーは二時だよ。時計はいつも早すぎるね。」",audio/phonics/L16/s8.mp3
12,16,12_beginner_tom_b12,9,Tom,トム,35.76,39.04,979.04,982.32,"OK. When do you sing, Singer Snake?",わかった。シンガースネークはいつ歌うの？,"(Tom) OK. When do you sing, Singer Snake? 「(トム) わかった。シンガースネークはいつ歌うの？」",audio/phonics/L16/s9.mp3
12,16,12_beginner_tom_b12,10,Tom,トム,39.26,42.15,982.54,985.43,"OK. When do you sing, Singer Snake?",わかった。シンガースネークはいつ歌うの？,"(Tom) OK. When do you sing, Singer Snake? 「(トム) わかった。シンガースネークはいつ歌うの？」",audio/phonics/L16/s10.mp3
12,16,12_beginner_tom_b12,11,Singer Snake,シンガースネーク,42.26,44.98,985.54,988.26,I sing at one thirty. Easy.,一時半に歌うよ。簡単さ。,(Singer Snake) I sing at one thirty. Easy. 「(シンガースネーク) 一時半に歌うよ。簡単さ。」,audio/phonics/L16/s11.mp3
12,16,12_beginner_tom_b12,12,Singer Snake,シンガースネーク,45.26,48.38,988.54,991.66,I sing at one thirty. Easy.,一時半に歌うよ。簡単さ。,(Singer Snake) I sing at one thirty. Easy. 「(シンガースネーク) 一時半に歌うよ。簡単さ。」,audio/phonics/L16/s12.mp3
12,16,12_beginner_tom_b12,13,Tom,トム,48.78,51.42,992.06,994.7,Great. When does Juggler Jellyfish start?,いいね。ジャグラークラゲはいつ始めるの？,(Tom) Great. When does Juggler Jellyfish start? 「(トム) いいね。ジャグラークラゲはいつ始めるの？」,audio/phonics/L16/s13.mp3
12,16,12_beginner_tom_b12,14,Tom,トム,51.58,54.58,994.86,997.86,Great. When does Juggler Jellyfish start?,いいね。ジャグラークラゲはいつ始めるの？,(Tom) Great. When does Juggler Jellyfish start? 「(トム) いいね。ジャグラークラゲはいつ始めるの？」,audio/phonics/L16/s14.mp3
12,16,12_beginner_tom_b12,15,Juggler Jellyfish,ジャグラークラゲ,54.72,59.93,998.0,1003.21,I start at two ten. Don't panic. My cups panic enough.,二時十分に始めるよ。あわてないで。カップたちだけで十分あわてているから。,(Juggler Jellyfish) I start at two ten. Don't panic. My cups panic enough. 「(ジャグラークラゲ) 二時十分に始めるよ。あわてないで。カップたちだけで十分あわてているから。」,audio/phonics/L16/s15.mp3
12,16,12_beginner_tom_b12,16,Juggler Jellyfish,ジャグラークラゲ,60.72,65.6,1004.0,1008.88,I start at two ten. Don't panic. My cups panic enough.,二時十分に始めるよ。あわてないで。カップたちだけで十分あわてているから。,(Juggler Jellyfish) I start at two ten. Don't panic. My cups panic enough. 「(ジャグラークラゲ) 二時十分に始めるよ。あわてないで。カップたちだけで十分あわてているから。」,audio/phonics/L16/s16.mp3
12,16,12_beginner_tom_b12,17,Tom,トム,69.72,71.45,1013.0,1014.73,When does Teacher Tacos teach?,ティーチャータコスはいつ教えるの？,(Tom) When does Teacher Tacos teach? 「(トム) ティーチャータコスはいつ教えるの？」,audio/phonics/L16/s17.mp3
12,16,12_beginner_tom_b12,18,Tom,トム,71.72,74.01,1015.0,1017.29,When does Teacher Tacos teach?,ティーチャータコスはいつ教えるの？,(Tom) When does Teacher Tacos teach? 「(トム) ティーチャータコスはいつ教えるの？」,audio/phonics/L16/s18.mp3
12,16,12_beginner_tom_b12,19,Aunt Ant,アントおばさん,74.32,79.94,1017.6,1023.22,He teaches after the juggling. But today... he may be late.,ジャグリングの後に教えるよ。でも今日は……遅れるかもしれない。,(Aunt Ant) He teaches after the juggling. But today... he may be late. 「(アントおばさん) ジャグリングの後に教えるよ。でも今日は……遅れるかもしれない。」,audio/phonics/L16/s19.mp3
12,16,12_beginner_tom_b12,20,Tom,トム,80.26,83.98,1023.54,1027.26,Oh no! The salsa smell is stronger.,大変！サルサのにおいが強くなってきた。,(Tom) Oh no! The salsa smell is stronger. 「(トム) 大変！サルサのにおいが強くなってきた。」,audio/phonics/L16/s20.mp3
12,16,12_beginner_tom_b12,21,Tom,トム,84.26,87.09,1027.54,1030.37,Oh no! The salsa smell is stronger.,大変！サルサのにおいが強くなってきた。,(Tom) Oh no! The salsa smell is stronger. 「(トム) 大変！サルサのにおいが強くなってきた。」,audio/phonics/L16/s21.mp3
12,16,12_beginner_tom_b12,22,Tom,トム,87.09,88.36,1030.37,1031.64,Oh no! The salsa smell is stronger.,大変！サルサのにおいが強くなってきた。,(Tom) Oh no! The salsa smell is stronger. 「(トム) 大変！サルサのにおいが強くなってきた。」,audio/phonics/L16/s22.mp3
13,17,13_beginner_tom_b13,1,Tom,トム,0.0,4.17,1033.147,1037.317,Where is Teacher Tacos?,ティーチャータコスはどこ？,(Tom) Where is Teacher Tacos? 「(トム) ティーチャータコスはどこ？」,audio/phonics/L17/s1.mp3
13,17,13_beginner_tom_b13,2,Aunt Ant,アントおばさん,4.31,14.0,1037.457,1047.147,I hear salsa drums by the big tree.,大きな木のそばでサルサの太鼓が聞こえるよ。,(Aunt Ant) I hear salsa drums by the big tree. 「(アントおばさん) 大きな木のそばでサルサの太鼓が聞こえるよ。」,audio/phonics/L17/s2.mp3
13,17,13_beginner_tom_b13,3,Tom,トム,14.0,22.0,1047.147,1055.147,OK. Where is the show stage?,わかった。ショーのステージはどこ？,(Tom) OK. Where is the show stage? 「(トム) わかった。ショーのステージはどこ？」,audio/phonics/L17/s3.mp3
13,17,13_beginner_tom_b13,4,Stage,ステージ,22.0,26.8,1055.147,1059.947,I am here by the big tree.,ぼくは大きな木のそば、ここにいるよ。,(Stage) I am here by the big tree. 「(ステージ) ぼくは大きな木のそば、ここにいるよ。」,audio/phonics/L17/s4.mp3
13,17,13_beginner_tom_b13,5,Stage,ステージ,27.0,31.15,1060.147,1064.297,Please don't stare.,じっと見ないでね。,(Stage) Please don't stare. 「(ステージ) じっと見ないでね。」,audio/phonics/L17/s5.mp3
13,17,13_beginner_tom_b13,6,Stage,ステージ,31.51,34.65,1064.657,1067.797,I am here by the big tree.,ぼくは大きな木のそば、ここにいるよ。,(Stage) I am here by the big tree. 「(ステージ) ぼくは大きな木のそば、ここにいるよ。」,audio/phonics/L17/s6.mp3
13,17,13_beginner_tom_b13,7,Stage,ステージ,35.0,38.5,1068.147,1071.647,Please don't stare.,じっと見ないでね。,(Stage) Please don't stare. 「(ステージ) じっと見ないでね。」,audio/phonics/L17/s7.mp3
13,17,13_beginner_tom_b13,8,Tom,トム,39.0,46.25,1072.147,1079.397,Where does the salsa smell go?,サルサのにおいはどこへ行くの？,(Tom) Where does the salsa smell go? 「(トム) サルサのにおいはどこへ行くの？」,audio/phonics/L17/s8.mp3
13,17,13_beginner_tom_b13,9,Salsa Jar,サルサのびん,47.0,51.52,1080.147,1084.667,Over here! Too spicy! Too famous!,こっちだよ！辛すぎる！有名すぎる！,(Salsa Jar) Over here! Too spicy! Too famous! 「(サルサのびん) こっちだよ！辛すぎる！有名すぎる！」,audio/phonics/L17/s9.mp3
13,17,13_beginner_tom_b13,10,Salsa Jar,サルサのびん,52.07,55.8,1085.217,1088.947,Over here! Too spicy! Too famous!,こっちだよ！辛すぎる！有名すぎる！,(Salsa Jar) Over here! Too spicy! Too famous! 「(サルサのびん) こっちだよ！辛すぎる！有名すぎる！」,audio/phonics/L17/s10.mp3
13,17,13_beginner_tom_b13,11,Tom,トム,56.0,59.82,1089.147,1092.967,Oh! A shouting salsa jar! Where is Teacher Tacos?,あっ！叫ぶサルサのびんだ！ティーチャータコスはどこ？,(Tom) Oh! A shouting salsa jar! Where is Teacher Tacos? 「(トム) あっ！叫ぶサルサのびんだ！ティーチャータコスはどこ？」,audio/phonics/L17/s11.mp3
13,17,13_beginner_tom_b13,12,Tom,トム,60.0,63.82,1093.147,1096.967,Oh! A shouting salsa jar! Where is Teacher Tacos?,あっ！叫ぶサルサのびんだ！ティーチャータコスはどこ？,(Tom) Oh! A shouting salsa jar! Where is Teacher Tacos? 「(トム) あっ！叫ぶサルサのびんだ！ティーチャータコスはどこ？」,audio/phonics/L17/s12.mp3
13,17,13_beginner_tom_b13,13,Teacher Tacos,ティーチャータコス,64.0,70.16,1097.147,1103.307,I am under the red table.,赤いテーブルの下にいるよ。,(Teacher Tacos) I am under the red table. 「(ティーチャータコス) 赤いテーブルの下にいるよ。」,audio/phonics/L17/s13.mp3
13,17,13_beginner_tom_b13,14,Teacher Tacos,ティーチャータコス,70.3,71.92,1103.447,1105.067,I am under the red table.,赤いテーブルの下にいるよ。,(Teacher Tacos) I am under the red table. 「(ティーチャータコス) 赤いテーブルの下にいるよ。」,audio/phonics/L17/s14.mp3
13,17,13_beginner_tom_b13,15,Tom,トム,72.0,75.85,1105.147,1108.997,Wow! Teacher Tacos is back!,わあ！ティーチャータコスが戻ってきた！,(Tom) Wow! Teacher Tacos is back! 「(トム) わあ！ティーチャータコスが戻ってきた！」,audio/phonics/L17/s15.mp3
13,17,13_beginner_tom_b13,16,Tom,トム,76.0,77.89,1109.147,1111.037,Wow! Teacher Tacos is back!,わあ！ティーチャータコスが戻ってきた！,(Tom) Wow! Teacher Tacos is back! 「(トム) わあ！ティーチャータコスが戻ってきた！」,audio/phonics/L17/s16.mp3
13,17,13_beginner_tom_b13,17,Teacher Tacos,ティーチャータコス,78.0,81.52,1111.147,1114.667,I am your guide again.,また私がきみの案内役だよ。,(Teacher Tacos) I am your guide again. 「(ティーチャータコス) また私がきみの案内役だよ。」,audio/phonics/L17/s17.mp3
13,17,13_beginner_tom_b13,18,Teacher Tacos,ティーチャータコス,82.0,87.22,1115.147,1120.367,I am your guide again.,また私がきみの案内役だよ。,(Teacher Tacos) I am your guide again. 「(ティーチャータコス) また私がきみの案内役だよ。」,audio/phonics/L17/s18.mp3
13,17,13_beginner_tom_b13,19,Tom,トム,88.0,91.8,1121.147,1124.947,Great. Where do you stand?,よかった。あなたはどこに立つの？,(Tom) Great. Where do you stand? 「(トム) よかった。あなたはどこに立つの？」,audio/phonics/L17/s19.mp3
13,17,13_beginner_tom_b13,20,Tom,トム,92.0,95.65,1125.147,1128.797,Great. Where do you stand?,よかった。あなたはどこに立つの？,(Tom) Great. Where do you stand? 「(トム) よかった。あなたはどこに立つの？」,audio/phonics/L17/s20.mp3
13,17,13_beginner_tom_b13,21,Teacher Tacos,ティーチャータコス,96.0,99.54,1129.147,1132.687,I stand on the red mat.,赤いマットの上に立つよ。,(Teacher Tacos) I stand on the red mat. 「(ティーチャータコス) 赤いマットの上に立つよ。」,audio/phonics/L17/s21.mp3
13,17,13_beginner_tom_b13,22,Teacher Tacos,ティーチャータコス,100.0,104.38,1133.147,1137.527,I stand on the red mat.,赤いマットの上に立つよ。,(Teacher Tacos) I stand on the red mat. 「(ティーチャータコス) 赤いマットの上に立つよ。」,audio/phonics/L17/s22.mp3
14,18,14_beginner_tom_b14,1,Teacher Tacos,ティーチャータコス,0.12,2.72,1138.7,1141.3,"Hi, Tom. How are you? OK?",やあ、トム。調子はどう？大丈夫？,"(Teacher Tacos) Hi, Tom. How are you? OK? 「(ティーチャータコス) やあ、トム。調子はどう？大丈夫？」",audio/phonics/L18/s1.mp3
14,18,14_beginner_tom_b14,2,Teacher Tacos,ティーチャータコス,3.08,6.18,1141.66,1144.76,"Hi, Tom. How are you? OK?",やあ、トム。調子はどう？大丈夫？,"(Teacher Tacos) Hi, Tom. How are you? OK? 「(ティーチャータコス) やあ、トム。調子はどう？大丈夫？」",audio/phonics/L18/s2.mp3
14,18,14_beginner_tom_b14,3,Tom,トム,6.55,12.82,1145.13,1151.4,Wow! I am fine now. I feel safe because you are back.,わあ！今は大丈夫。あなたが戻ってきたから安心だよ。,(Tom) Wow! I am fine now. I feel safe because you are back. 「(トム) わあ！今は大丈夫。あなたが戻ってきたから安心だよ。」,audio/phonics/L18/s3.mp3
14,18,14_beginner_tom_b14,4,Tom,トム,13.01,19.4,1151.59,1157.98,Wow! I am fine now. I feel safe because you are back.,わあ！今は大丈夫。あなたが戻ってきたから安心だよ。,(Tom) Wow! I am fine now. I feel safe because you are back. 「(トム) わあ！今は大丈夫。あなたが戻ってきたから安心だよ。」,audio/phonics/L18/s4.mp3
14,18,14_beginner_tom_b14,5,Teacher Tacos,ティーチャータコス,19.63,24.05,1158.21,1162.63,"Good. I am back, and I am your guide.",よかった。私は戻ってきたし、きみの案内役だよ。,"(Teacher Tacos) Good. I am back, and I am your guide. 「(ティーチャータコス) よかった。私は戻ってきたし、きみの案内役だよ。」",audio/phonics/L18/s5.mp3
14,18,14_beginner_tom_b14,6,Teacher Tacos,ティーチャータコス,24.29,27.49,1162.87,1166.07,"Good. I am back, and I am your guide.",よかった。私は戻ってきたし、きみの案内役だよ。,"(Teacher Tacos) Good. I am back, and I am your guide. 「(ティーチャータコス) よかった。私は戻ってきたし、きみの案内役だよ。」",audio/phonics/L18/s6.mp3
14,18,14_beginner_tom_b14,7,Tom,トム,27.8,34.03,1166.38,1172.61,"How are you, Teacher Tacos?",ティーチャータコス、あなたは元気？,"(Tom) How are you, Teacher Tacos? 「(トム) ティーチャータコス、あなたは元気？」",audio/phonics/L18/s7.mp3
14,18,14_beginner_tom_b14,8,Teacher Tacos,ティーチャータコス,34.83,41.09,1173.41,1179.67,"I am spicy, but safe. The salsa jar is too much.",私はスパイシーだけど無事だよ。サルサのびんはやりすぎだね。,"(Teacher Tacos) I am spicy, but safe. The salsa jar is too much. 「(ティーチャータコス) 私はスパイシーだけど無事だよ。サルサのびんはやりすぎだね。」",audio/phonics/L18/s8.mp3
14,18,14_beginner_tom_b14,9,Teacher Tacos,ティーチャータコス,41.39,47.97,1179.97,1186.55,"I am spicy, but safe. The salsa jar is too much.",私はスパイシーだけど無事だよ。サルサのびんはやりすぎだね。,"(Teacher Tacos) I am spicy, but safe. The salsa jar is too much. 「(ティーチャータコス) 私はスパイシーだけど無事だよ。サルサのびんはやりすぎだね。」",audio/phonics/L18/s9.mp3
14,18,14_beginner_tom_b14,10,Tom,トム,48.48,54.16,1187.06,1192.74,"The island is amazing. Engineer Egg, how do you make that sound?",この島はすごいね。エンジニアエッグ、その音はどうやって作るの？,"(Tom) The island is amazing. Engineer Egg, how do you make that sound? 「(トム) この島はすごいね。エンジニアエッグ、その音はどうやって作るの？」",audio/phonics/L18/s10.mp3
14,18,14_beginner_tom_b14,11,Tom,トム,54.31,61.18,1192.89,1199.76,"The island is amazing. Engineer Egg, how do you make that sound?",この島はすごいね。エンジニアエッグ、その音はどうやって作るの？,"(Tom) The island is amazing. Engineer Egg, how do you make that sound? 「(トム) この島はすごいね。エンジニアエッグ、その音はどうやって作るの？」",audio/phonics/L18/s11.mp3
14,18,14_beginner_tom_b14,12,Engineer Egg,エンジニアエッグ,62.32,65.33,1200.9,1203.91,OK. I turn this key and tap this box.,よし。この鍵を回して、この箱をたたくんだ。,(Engineer Egg) OK. I turn this key and tap this box. 「(エンジニアエッグ) よし。この鍵を回して、この箱をたたくんだ。」,audio/phonics/L18/s12.mp3
14,18,14_beginner_tom_b14,13,Engineer Egg,エンジニアエッグ,65.61,69.02,1204.19,1207.6,OK. I turn this key and tap this box.,よし。この鍵を回して、この箱をたたくんだ。,(Engineer Egg) OK. I turn this key and tap this box. 「(エンジニアエッグ) よし。この鍵を回して、この箱をたたくんだ。」,audio/phonics/L18/s13.mp3
14,18,14_beginner_tom_b14,14,Sound Machine,音マシン,69.13,72.54,1207.71,1211.12,"Ding, dong! Oops! I am too loud!",ディン、ドン！おっと！ぼくは音が大きすぎる！,"(Sound Machine) Ding, dong! Oops! I am too loud! 「(音マシン) ディン、ドン！おっと！ぼくは音が大きすぎる！」",audio/phonics/L18/s14.mp3
14,18,14_beginner_tom_b14,15,Sound Machine,音マシン,72.75,76.08,1211.33,1214.66,"Ding, dong! Oops! I am too loud!",ディン、ドン！おっと！ぼくは音が大きすぎる！,"(Sound Machine) Ding, dong! Oops! I am too loud! 「(音マシン) ディン、ドン！おっと！ぼくは音が大きすぎる！」",audio/phonics/L18/s15.mp3
14,18,14_beginner_tom_b14,16,Tom,トム,76.4,79.41,1214.98,1217.99,"Teacher Tacos, how do you teach?",ティーチャータコス、どうやって教えるの？,"(Tom) Teacher Tacos, how do you teach? 「(トム) ティーチャータコス、どうやって教えるの？」",audio/phonics/L18/s16.mp3
14,18,14_beginner_tom_b14,17,Tom,トム,79.59,82.85,1218.17,1221.43,"Teacher Tacos, how do you teach?",ティーチャータコス、どうやって教えるの？,"(Tom) Teacher Tacos, how do you teach? 「(トム) ティーチャータコス、どうやって教えるの？」",audio/phonics/L18/s17.mp3
14,18,14_beginner_tom_b14,18,Teacher Tacos,ティーチャータコス,84.13,89.68,1222.71,1228.26,"I point, I tap, and I say, ""Ta-da!""",指さして、たたいて、それから「ジャーン！」と言うんだ。,"(Teacher Tacos) I point, I tap, and I say, ""Ta-da!"" 「(ティーチャータコス) 指さして、たたいて、それから「ジャーン！」と言うんだ。」",audio/phonics/L18/s18.mp3
14,18,14_beginner_tom_b14,19,Teacher Tacos,ティーチャータコス,89.68,90.15,1228.26,1228.73,"I point, I tap, and I say, ""Ta-da!""",指さして、たたいて、それから「ジャーン！」と言うんだ。,"(Teacher Tacos) I point, I tap, and I say, ""Ta-da!"" 「(ティーチャータコス) 指さして、たたいて、それから「ジャーン！」と言うんだ。」",audio/phonics/L18/s19.mp3
14,18,14_beginner_tom_b14,20,Tom,トム,90.35,96.76,1228.93,1235.34,Whoa! This island is wonderful. Even the machine sings too much.,うわあ！この島はすばらしいね。機械まで歌いすぎているよ。,(Tom) Whoa! This island is wonderful. Even the machine sings too much. 「(トム) うわあ！この島はすばらしいね。機械まで歌いすぎているよ。」,audio/phonics/L18/s20.mp3
14,18,14_beginner_tom_b14,21,Tom,トム,96.95,103.89,1235.53,1242.47,Whoa! This island is wonderful. Even the machine sings too much.,うわあ！この島はすばらしいね。機械まで歌いすぎているよ。,(Tom) Whoa! This island is wonderful. Even the machine sings too much. 「(トム) うわあ！この島はすばらしいね。機械まで歌いすぎているよ。」,audio/phonics/L18/s21.mp3
15,19,15_beginner_tom_b15,1,Tom,トム,0.14,4.39,1243.64,1247.89,Wow! I see many shells.,わあ！貝がらがたくさん見える。,(Tom) Wow! I see many shells. 「(トム) わあ！貝がらがたくさん見える。」,audio/phonics/L19/s1.mp3
15,19,15_beginner_tom_b15,2,Tom,トム,4.65,7.61,1248.15,1251.11,Wow! I see many shells.,わあ！貝がらがたくさん見える。,(Tom) Wow! I see many shells. 「(トム) わあ！貝がらがたくさん見える。」,audio/phonics/L19/s2.mp3
15,19,15_beginner_tom_b15,3,Shells,貝がらたち,7.83,10.84,1251.33,1254.34,"Clap, clap, clap! Too much?",パチ、パチ、パチ！やりすぎかな？,"(Shells) Clap, clap, clap! Too much? 「(貝がらたち) パチ、パチ、パチ！やりすぎかな？」",audio/phonics/L19/s3.mp3
15,19,15_beginner_tom_b15,4,Shells,貝がらたち,10.94,13.96,1254.44,1257.46,"Clap, clap, clap! Too much?",パチ、パチ、パチ！やりすぎかな？,"(Shells) Clap, clap, clap! Too much? 「(貝がらたち) パチ、パチ、パチ！やりすぎかな？」",audio/phonics/L19/s4.mp3
15,19,15_beginner_tom_b15,5,Cowboy Cat,カウボーイキャット,14.26,17.16,1257.76,1260.66,OK. I count shells every day.,よし。ぼくは毎日貝がらを数えているよ。,(Cowboy Cat) OK. I count shells every day. 「(カウボーイキャット) よし。ぼくは毎日貝がらを数えているよ。」,audio/phonics/L19/s5.mp3
15,19,15_beginner_tom_b15,6,Cowboy Cat,カウボーイキャット,17.26,20.35,1260.76,1263.85,OK. I count shells every day.,よし。ぼくは毎日貝がらを数えているよ。,(Cowboy Cat) OK. I count shells every day. 「(カウボーイキャット) よし。ぼくは毎日貝がらを数えているよ。」,audio/phonics/L19/s6.mp3
15,19,15_beginner_tom_b15,7,Queen Quiz,クイーンクイズ,20.53,23.68,1264.03,1267.18,"Hi, Tom. Ta-da! I have three flags.",やあ、トム。ジャーン！私は旗を三本持っているよ。,"(Queen Quiz) Hi, Tom. Ta-da! I have three flags. 「(クイーンクイズ) やあ、トム。ジャーン！私は旗を三本持っているよ。」",audio/phonics/L19/s7.mp3
15,19,15_beginner_tom_b15,8,Queen Quiz,クイーンクイズ,24.04,26.92,1267.54,1270.42,"Hi, Tom. Ta-da! I have three flags.",やあ、トム。ジャーン！私は旗を三本持っているよ。,"(Queen Quiz) Hi, Tom. Ta-da! I have three flags. 「(クイーンクイズ) やあ、トム。ジャーン！私は旗を三本持っているよ。」",audio/phonics/L19/s8.mp3
15,19,15_beginner_tom_b15,9,Tom,トム,27.24,29.6,1270.74,1273.1,OK. I have two boxes.,わかった。ぼくは箱を二つ持っているよ。,(Tom) OK. I have two boxes. 「(トム) わかった。ぼくは箱を二つ持っているよ。」,audio/phonics/L19/s9.mp3
15,19,15_beginner_tom_b15,10,Tom,トム,29.74,32.28,1273.24,1275.78,OK. I have two boxes.,わかった。ぼくは箱を二つ持っているよ。,(Tom) OK. I have two boxes. 「(トム) わかった。ぼくは箱を二つ持っているよ。」,audio/phonics/L19/s10.mp3
15,19,15_beginner_tom_b15,11,Teacher Tacos,ティーチャータコス,32.43,35.83,1275.93,1279.33,Great. I have four salsa cards.,すばらしい。私はサルサカードを四枚持っているよ。,(Teacher Tacos) Great. I have four salsa cards. 「(ティーチャータコス) すばらしい。私はサルサカードを四枚持っているよ。」,audio/phonics/L19/s11.mp3
15,19,15_beginner_tom_b15,12,Teacher Tacos,ティーチャータコス,35.97,39.37,1279.47,1282.87,Great. I have four salsa cards.,すばらしい。私はサルサカードを四枚持っているよ。,(Teacher Tacos) Great. I have four salsa cards. 「(ティーチャータコス) すばらしい。私はサルサカードを四枚持っているよ。」,audio/phonics/L19/s12.mp3
15,19,15_beginner_tom_b15,13,Queen Quiz,クイーンクイズ,39.67,42.78,1283.17,1286.28,Yes. The boxes are for the island quiz.,うん。その箱は島のクイズに使うんだ。,(Queen Quiz) Yes. The boxes are for the island quiz. 「(クイーンクイズ) うん。その箱は島のクイズに使うんだ。」,audio/phonics/L19/s13.mp3
15,19,15_beginner_tom_b15,14,Queen Quiz,クイーンクイズ,42.85,46.06,1286.35,1289.56,Yes. The boxes are for the island quiz.,うん。その箱は島のクイズに使うんだ。,(Queen Quiz) Yes. The boxes are for the island quiz. 「(クイーンクイズ) うん。その箱は島のクイズに使うんだ。」,audio/phonics/L19/s14.mp3
15,19,15_beginner_tom_b15,15,Tom,トム,46.15,48.5,1289.65,1292.0,Wow. The flags are bright.,わあ。旗が明るくきれいだね。,(Tom) Wow. The flags are bright. 「(トム) わあ。旗が明るくきれいだね。」,audio/phonics/L19/s15.mp3
15,19,15_beginner_tom_b15,16,Tom,トム,48.59,51.75,1292.09,1295.25,Wow. The flags are bright.,わあ。旗が明るくきれいだね。,(Tom) Wow. The flags are bright. 「(トム) わあ。旗が明るくきれいだね。」,audio/phonics/L19/s16.mp3
15,19,15_beginner_tom_b15,17,Flags,旗たち,52.14,54.62,1295.64,1298.12,We dance too much!,ぼくたち、踊りすぎちゃう！,(Flags) We dance too much! 「(旗たち) ぼくたち、踊りすぎちゃう！」,audio/phonics/L19/s17.mp3
15,19,15_beginner_tom_b15,18,Flags,旗たち,54.95,57.96,1298.45,1301.46,We dance too much!,ぼくたち、踊りすぎちゃう！,(Flags) We dance too much! 「(旗たち) ぼくたち、踊りすぎちゃう！」,audio/phonics/L19/s18.mp3
15,19,15_beginner_tom_b15,19,Cowboy Cat,カウボーイキャット,58.35,62.74,1301.85,1306.24,And the cups are for Juggler Jellyfish.,そしてカップはジャグラークラゲのためのものだよ。,(Cowboy Cat) And the cups are for Juggler Jellyfish. 「(カウボーイキャット) そしてカップはジャグラークラゲのためのものだよ。」,audio/phonics/L19/s19.mp3
15,19,15_beginner_tom_b15,20,Cowboy Cat,カウボーイキャット,63.14,68.94,1306.64,1312.44,And the cups are for Juggler Jellyfish.,そしてカップはジャグラークラゲのためのものだよ。,(Cowboy Cat) And the cups are for Juggler Jellyfish. 「(カウボーイキャット) そしてカップはジャグラークラゲのためのものだよ。」,audio/phonics/L19/s20.mp3
16,20,16_beginner_tom_b16,1,Guardian Goat,ガーディアンゴート,0.0,6.94,1316.66,1323.6,"Hi, Tom. OK, open the small gate, please.",やあ、トム。よし、小さな門を開けてください。,"(Guardian Goat) Hi, Tom. OK, open the small gate, please. 「(ガーディアンゴート) やあ、トム。よし、小さな門を開けてください。」",audio/phonics/L20/s1.mp3
16,20,16_beginner_tom_b16,2,Guardian Goat,ガーディアンゴート,7.54,13.36,1324.2,1330.02,"Hi, Tom. OK, open the small gate, please.",やあ、トム。よし、小さな門を開けてください。,"(Guardian Goat) Hi, Tom. OK, open the small gate, please. 「(ガーディアンゴート) やあ、トム。よし、小さな門を開けてください。」",audio/phonics/L20/s2.mp3
16,20,16_beginner_tom_b16,3,Teacher Tacos,ティーチャータコス,13.47,15.8,1330.13,1332.46,Easy. Walk slowly.,落ち着いて。ゆっくり歩いて。,(Teacher Tacos) Easy. Walk slowly. 「(ティーチャータコス) 落ち着いて。ゆっくり歩いて。」,audio/phonics/L20/s3.mp3
16,20,16_beginner_tom_b16,4,Teacher Tacos,ティーチャータコス,16.03,19.24,1332.69,1335.9,Easy. Walk slowly.,落ち着いて。ゆっくり歩いて。,(Teacher Tacos) Easy. Walk slowly. 「(ティーチャータコス) 落ち着いて。ゆっくり歩いて。」,audio/phonics/L20/s4.mp3
16,20,16_beginner_tom_b16,5,Guardian Goat,ガーディアンゴート,19.73,24.05,1336.39,1340.71,Careful! Don't run on the bridge.,気をつけて！橋の上では走らないで。,(Guardian Goat) Careful! Don't run on the bridge. 「(ガーディアンゴート) 気をつけて！橋の上では走らないで。」,audio/phonics/L20/s5.mp3
16,20,16_beginner_tom_b16,6,Guardian Goat,ガーディアンゴート,24.29,27.6,1340.95,1344.26,Careful! Don't run on the bridge.,気をつけて！橋の上では走らないで。,(Guardian Goat) Careful! Don't run on the bridge. 「(ガーディアンゴート) 気をつけて！橋の上では走らないで。」,audio/phonics/L20/s6.mp3
16,20,16_beginner_tom_b16,7,Bridge,橋,27.74,34.2,1344.4,1350.86,"Walk, please. Hee-hee! I giggle too much.",歩いてください。へへ！ぼく、くすぐったくて笑いすぎちゃう。,"(Bridge) Walk, please. Hee-hee! I giggle too much. 「(橋) 歩いてください。へへ！ぼく、くすぐったくて笑いすぎちゃう。」",audio/phonics/L20/s7.mp3
16,20,16_beginner_tom_b16,8,Bridge,橋,34.2,34.78,1350.86,1351.44,"Walk, please. Hee-hee! I giggle too much.",歩いてください。へへ！ぼく、くすぐったくて笑いすぎちゃう。,"(Bridge) Walk, please. Hee-hee! I giggle too much. 「(橋) 歩いてください。へへ！ぼく、くすぐったくて笑いすぎちゃう。」",audio/phonics/L20/s8.mp3
16,20,16_beginner_tom_b16,9,Tom,トム,35.59,36.95,1352.25,1353.61,Yikes! The bridge is too ticklish!,うわっ！橋がくすぐったがりすぎる！,(Tom) Yikes! The bridge is too ticklish! 「(トム) うわっ！橋がくすぐったがりすぎる！」,audio/phonics/L20/s9.mp3
16,20,16_beginner_tom_b16,10,Tom,トム,38.37,39.82,1355.03,1356.48,Yikes! The bridge is too ticklish!,うわっ！橋がくすぐったがりすぎる！,(Tom) Yikes! The bridge is too ticklish! 「(トム) うわっ！橋がくすぐったがりすぎる！」,audio/phonics/L20/s10.mp3
16,20,16_beginner_tom_b16,11,Teacher Tacos,ティーチャータコス,40.87,45.14,1357.53,1361.8,OK. Put the boxes on the table. Listen to me.,よし。箱をテーブルの上に置いて。私の話を聞いて。,(Teacher Tacos) OK. Put the boxes on the table. Listen to me. 「(ティーチャータコス) よし。箱をテーブルの上に置いて。私の話を聞いて。」,audio/phonics/L20/s11.mp3
16,20,16_beginner_tom_b16,12,Teacher Tacos,ティーチャータコス,46.46,51.84,1363.12,1368.5,OK. Put the boxes on the table. Listen to me.,よし。箱をテーブルの上に置いて。私の話を聞いて。,(Teacher Tacos) OK. Put the boxes on the table. Listen to me. 「(ティーチャータコス) よし。箱をテーブルの上に置いて。私の話を聞いて。」,audio/phonics/L20/s12.mp3
16,20,16_beginner_tom_b16,13,Teacher Tacos,ティーチャータコス,52.03,58.15,1368.69,1374.81,"Touch the salsa cards, but don't eat the teacher.",サルサカードには触っていいけど、先生を食べないでね。,"(Teacher Tacos) Touch the salsa cards, but don't eat the teacher. 「(ティーチャータコス) サルサカードには触っていいけど、先生を食べないでね。」",audio/phonics/L20/s13.mp3
16,20,16_beginner_tom_b16,14,Teacher Tacos,ティーチャータコス,58.43,65.17,1375.09,1381.83,"Touch the salsa cards, but don't eat the teacher.",サルサカードには触っていいけど、先生を食べないでね。,"(Teacher Tacos) Touch the salsa cards, but don't eat the teacher. 「(ティーチャータコス) サルサカードには触っていいけど、先生を食べないでね。」",audio/phonics/L20/s14.mp3
16,20,16_beginner_tom_b16,15,Tom,トム,65.89,70.97,1382.55,1387.63,I understand. Don't eat the teacher. OK. I am careful.,わかった。先生は食べない。よし、気をつけるよ。,(Tom) I understand. Don't eat the teacher. OK. I am careful. 「(トム) わかった。先生は食べない。よし、気をつけるよ。」,audio/phonics/L20/s15.mp3
16,20,16_beginner_tom_b16,16,Tom,トム,71.76,78.96,1388.42,1395.62,I understand. Don't eat the teacher. OK. I am careful.,わかった。先生は食べない。よし、気をつけるよ。,(Tom) I understand. Don't eat the teacher. OK. I am careful. 「(トム) わかった。先生は食べない。よし、気をつけるよ。」,audio/phonics/L20/s16.mp3
17,21,17_beginner_tom_b17,1,Tom,トム,0.05,2.1,1397.63,1399.68,"OK, this is my map.",よし、これがぼくの地図だ。,"(Tom) OK, this is my map. 「(トム) よし、これがぼくの地図だ。」",audio/phonics/L21/s1.mp3
17,21,17_beginner_tom_b17,2,Tom,トム,4.19,4.6,1401.77,1402.18,"OK, this is my map.",よし、これがぼくの地図だ。,"(Tom) OK, this is my map. 「(トム) よし、これがぼくの地図だ。」",audio/phonics/L21/s2.mp3
17,21,17_beginner_tom_b17,3,Teacher Tacos,ティーチャータコス,4.6,6.86,1402.18,1404.44,"Yes, good. And this is your island pass.",うん、いいね。そしてこれがきみの島パスだよ。,"(Teacher Tacos) Yes, good. And this is your island pass. 「(ティーチャータコス) うん、いいね。そしてこれがきみの島パスだよ。」",audio/phonics/L21/s3.mp3
17,21,17_beginner_tom_b17,4,Teacher Tacos,ティーチャータコス,7.0,9.54,1404.58,1407.12,"Yes, good. And this is your island pass.",うん、いいね。そしてこれがきみの島パスだよ。,"(Teacher Tacos) Yes, good. And this is your island pass. 「(ティーチャータコス) うん、いいね。そしてこれがきみの島パスだよ。」",audio/phonics/L21/s4.mp3
17,21,17_beginner_tom_b17,5,Old Book,古い本,9.68,11.41,1407.26,1408.99,"Hey! Tom, read me now!",ねえ！トム、今すぐぼくを読んで！,"(Old Book) Hey! Tom, read me now! 「(古い本) ねえ！トム、今すぐぼくを読んで！」",audio/phonics/L21/s5.mp3
17,21,17_beginner_tom_b17,6,Old Book,古い本,11.59,13.32,1409.17,1410.9,"Hey! Tom, read me now!",ねえ！トム、今すぐぼくを読んで！,"(Old Book) Hey! Tom, read me now! 「(古い本) ねえ！トム、今すぐぼくを読んで！」",audio/phonics/L21/s6.mp3
17,21,17_beginner_tom_b17,7,Librarian Lion,司書ライオン,13.5,15.72,1411.08,1413.3,"Here. I have your book, Tom.",はい。きみの本を持っているよ、トム。,"(Librarian Lion) Here. I have your book, Tom. 「(司書ライオン) はい。きみの本を持っているよ、トム。」",audio/phonics/L21/s7.mp3
17,21,17_beginner_tom_b17,8,Librarian Lion,司書ライオン,15.92,18.16,1413.5,1415.74,"Here. I have your book, Tom.",はい。きみの本を持っているよ、トム。,"(Librarian Lion) Here. I have your book, Tom. 「(司書ライオン) はい。きみの本を持っているよ、トム。」",audio/phonics/L21/s8.mp3
17,21,17_beginner_tom_b17,9,Tom,トム,18.34,20.17,1415.92,1417.75,Please give it to me.,それをぼくにください。,(Tom) Please give it to me. 「(トム) それをぼくにください。」,audio/phonics/L21/s9.mp3
17,21,17_beginner_tom_b17,10,Tom,トム,20.36,22.18,1417.94,1419.76,Please give it to me.,それをぼくにください。,(Tom) Please give it to me. 「(トム) それをぼくにください。」,audio/phonics/L21/s10.mp3
17,21,17_beginner_tom_b17,11,Teacher Tacos,ティーチャータコス,22.58,25.96,1420.16,1423.54,Oh! My salsa cards are on the stage.,あっ！私のサルサカードがステージの上にある。,(Teacher Tacos) Oh! My salsa cards are on the stage. 「(ティーチャータコス) あっ！私のサルサカードがステージの上にある。」,audio/phonics/L21/s11.mp3
17,21,17_beginner_tom_b17,12,Teacher Tacos,ティーチャータコス,26.24,32.73,1423.82,1430.31,Oh! My salsa cards are on the stage.,あっ！私のサルサカードがステージの上にある。,(Teacher Tacos) Oh! My salsa cards are on the stage. 「(ティーチャータコス) あっ！私のサルサカードがステージの上にある。」,audio/phonics/L21/s12.mp3
17,21,17_beginner_tom_b17,13,Salsa Cards,サルサカードたち,33.0,36.72,1430.58,1434.3,Hey! Give us to Teacher Tacos now!,ねえ！今すぐ私たちをティーチャータコスに渡して！,(Salsa Cards) Hey! Give us to Teacher Tacos now! 「(サルサカードたち) ねえ！今すぐ私たちをティーチャータコスに渡して！」,audio/phonics/L21/s13.mp3
17,21,17_beginner_tom_b17,14,Salsa Cards,サルサカードたち,37.0,40.72,1434.58,1438.3,Hey! Give us to Teacher Tacos now!,ねえ！今すぐ私たちをティーチャータコスに渡して！,(Salsa Cards) Hey! Give us to Teacher Tacos now! 「(サルサカードたち) ねえ！今すぐ私たちをティーチャータコスに渡して！」,audio/phonics/L21/s14.mp3
17,21,17_beginner_tom_b17,15,Tom,トム,41.0,43.37,1438.58,1440.95,OK. I give them to you.,わかった。それらをあなたに渡すよ。,(Tom) OK. I give them to you. 「(トム) わかった。それらをあなたに渡すよ。」,audio/phonics/L21/s15.mp3
17,21,17_beginner_tom_b17,16,Tom,トム,43.61,45.99,1441.19,1443.57,OK. I give them to you.,わかった。それらをあなたに渡すよ。,(Tom) OK. I give them to you. 「(トム) わかった。それらをあなたに渡すよ。」,audio/phonics/L21/s16.mp3
17,21,17_beginner_tom_b17,17,Teacher Tacos,ティーチャータコス,46.22,50.7,1443.8,1448.28,Thank you. Great job. This cake is for you.,ありがとう。よくできました。このケーキはきみへのごほうびだよ。,(Teacher Tacos) Thank you. Great job. This cake is for you. 「(ティーチャータコス) ありがとう。よくできました。このケーキはきみへのごほうびだよ。」,audio/phonics/L21/s17.mp3
17,21,17_beginner_tom_b17,18,Teacher Tacos,ティーチャータコス,50.95,57.08,1448.53,1454.66,Thank you. Great job. This cake is for you.,ありがとう。よくできました。このケーキはきみへのごほうびだよ。,(Teacher Tacos) Thank you. Great job. This cake is for you. 「(ティーチャータコス) ありがとう。よくできました。このケーキはきみへのごほうびだよ。」,audio/phonics/L21/s18.mp3
18,22,18_beginner_tom_b18,1,Tom,トム,0.0,3.95,1458.5,1462.45,Wow! The show is starting.,わあ！ショーが始まるよ。,(Tom) Wow! The show is starting. 「(トム) わあ！ショーが始まるよ。」,audio/phonics/L22/s1.mp3
18,22,18_beginner_tom_b18,2,Tom,トム,3.95,6.95,1462.45,1465.45,Wow! The show is starting.,わあ！ショーが始まるよ。,(Tom) Wow! The show is starting. 「(トム) わあ！ショーが始まるよ。」,audio/phonics/L22/s2.mp3
18,22,18_beginner_tom_b18,3,Juggler Jellyfish,ジャグラークラゲ,6.95,10.39,1465.45,1468.89,OK! I am juggling cups.,よし！カップをジャグリングしているよ。,(Juggler Jellyfish) OK! I am juggling cups. 「(ジャグラークラゲ) よし！カップをジャグリングしているよ。」,audio/phonics/L22/s3.mp3
18,22,18_beginner_tom_b18,4,Juggler Jellyfish,ジャグラークラゲ,10.39,14.31,1468.89,1472.81,OK! I am juggling cups.,よし！カップをジャグリングしているよ。,(Juggler Jellyfish) OK! I am juggling cups. 「(ジャグラークラゲ) よし！カップをジャグリングしているよ。」,audio/phonics/L22/s4.mp3
18,22,18_beginner_tom_b18,5,Cups,カップたち,14.31,18.63,1472.81,1477.13,Whoa! We are flying too fast!,うわあ！ぼくたち速く飛びすぎている！,(Cups) Whoa! We are flying too fast! 「(カップたち) うわあ！ぼくたち速く飛びすぎている！」,audio/phonics/L22/s5.mp3
18,22,18_beginner_tom_b18,6,Cups,カップたち,18.63,22.97,1477.13,1481.47,Whoa! We are flying too fast!,うわあ！ぼくたち速く飛びすぎている！,(Cups) Whoa! We are flying too fast! 「(カップたち) うわあ！ぼくたち速く飛びすぎている！」,audio/phonics/L22/s6.mp3
18,22,18_beginner_tom_b18,7,Tom,トム,22.97,27.52,1481.47,1486.02,Whoa! The cups are flying too fast!,うわっ！カップが速く飛びすぎている！,(Tom) Whoa! The cups are flying too fast! 「(トム) うわっ！カップが速く飛びすぎている！」,audio/phonics/L22/s7.mp3
18,22,18_beginner_tom_b18,8,Tom,トム,27.52,28.45,1486.02,1486.95,Whoa! The cups are flying too fast!,うわっ！カップが速く飛びすぎている！,(Tom) Whoa! The cups are flying too fast! 「(トム) うわっ！カップが速く飛びすぎている！」,audio/phonics/L22/s8.mp3
18,22,18_beginner_tom_b18,9,Teacher Tacos,ティーチャータコス,28.45,32.36,1486.95,1490.86,Now I am teaching the taco dance.,今、私はタコダンスを教えているよ。,(Teacher Tacos) Now I am teaching the taco dance. 「(ティーチャータコス) 今、私はタコダンスを教えているよ。」,audio/phonics/L22/s9.mp3
18,22,18_beginner_tom_b18,10,Teacher Tacos,ティーチャータコス,32.36,35.7,1490.86,1494.2,Now I am teaching the taco dance.,今、私はタコダンスを教えているよ。,(Teacher Tacos) Now I am teaching the taco dance. 「(ティーチャータコス) 今、私はタコダンスを教えているよ。」,audio/phonics/L22/s10.mp3
18,22,18_beginner_tom_b18,11,Tom,トム,35.7,39.29,1494.2,1497.79,Aha! Teacher Tacos is teaching a dance.,なるほど！ティーチャータコスがダンスを教えているんだ。,(Tom) Aha! Teacher Tacos is teaching a dance. 「(トム) なるほど！ティーチャータコスがダンスを教えているんだ。」,audio/phonics/L22/s11.mp3
18,22,18_beginner_tom_b18,12,Tom,トム,39.29,42.69,1497.79,1501.19,Aha! Teacher Tacos is teaching a dance.,なるほど！ティーチャータコスがダンスを教えているんだ。,(Tom) Aha! Teacher Tacos is teaching a dance. 「(トム) なるほど！ティーチャータコスがダンスを教えているんだ。」,audio/phonics/L22/s12.mp3
18,22,18_beginner_tom_b18,13,Teacher Tacos,ティーチャータコス,42.69,46.13,1501.19,1504.63,Yes. Wow. You are watching Funnics Island.,うん。わあ。きみはファニックス・アイランドを見ているんだよ。,(Teacher Tacos) Yes. Wow. You are watching Funnics Island. 「(ティーチャータコス) うん。わあ。きみはファニックス・アイランドを見ているんだよ。」,audio/phonics/L22/s13.mp3
18,22,18_beginner_tom_b18,14,Teacher Tacos,ティーチャータコス,46.13,49.73,1504.63,1508.23,Yes. Wow. You are watching Funnics Island.,うん。わあ。きみはファニックス・アイランドを見ているんだよ。,(Teacher Tacos) Yes. Wow. You are watching Funnics Island. 「(ティーチャータコス) うん。わあ。きみはファニックス・アイランドを見ているんだよ。」,audio/phonics/L22/s14.mp3
18,22,18_beginner_tom_b18,15,Juggler Jellyfish,ジャグラークラゲ,49.73,53.25,1508.23,1511.75,Oops! I am juggling and jumping too much.,おっと！ジャグリングもジャンプもやりすぎている！,(Juggler Jellyfish) Oops! I am juggling and jumping too much. 「(ジャグラークラゲ) おっと！ジャグリングもジャンプもやりすぎている！」,audio/phonics/L22/s15.mp3
18,22,18_beginner_tom_b18,16,Juggler Jellyfish,ジャグラークラゲ,53.25,56.61,1511.75,1515.11,Oops! I am juggling and jumping too much.,おっと！ジャグリングもジャンプもやりすぎている！,(Juggler Jellyfish) Oops! I am juggling and jumping too much. 「(ジャグラークラゲ) おっと！ジャグリングもジャンプもやりすぎている！」,audio/phonics/L22/s16.mp3
18,22,18_beginner_tom_b18,17,Teacher Tacos,ティーチャータコス,56.61,60.07,1515.11,1518.57,OK. I am tapping the salsa cards.,よし。私はサルサカードをたたいているよ。,(Teacher Tacos) OK. I am tapping the salsa cards. 「(ティーチャータコス) よし。私はサルサカードをたたいているよ。」,audio/phonics/L22/s17.mp3
18,22,18_beginner_tom_b18,18,Teacher Tacos,ティーチャータコス,60.07,64.2,1518.57,1522.7,OK. I am tapping the salsa cards.,よし。私はサルサカードをたたいているよ。,(Teacher Tacos) OK. I am tapping the salsa cards. 「(ティーチャータコス) よし。私はサルサカードをたたいているよ。」,audio/phonics/L22/s18.mp3
19,23,19_beginner_tom_b19,1,Tom,トム,0.0,3.75,1528.34,1532.09,"Teacher Tacos, can I help?",ティーチャータコス、手伝ってもいい？,"(Tom) Teacher Tacos, can I help? 「(トム) ティーチャータコス、手伝ってもいい？」",audio/phonics/L23/s1.mp3
19,23,19_beginner_tom_b19,2,Teacher Tacos,ティーチャータコス,7.51,9.53,1535.85,1537.87,"Yes, you can. Great!",うん、できるよ。すばらしい！,"(Teacher Tacos) Yes, you can. Great! 「(ティーチャータコス) うん、できるよ。すばらしい！」",audio/phonics/L23/s2.mp3
19,23,19_beginner_tom_b19,3,Teacher Tacos,ティーチャータコス,10.19,12.69,1538.53,1541.03,"Yes, you can. Great!",うん、できるよ。すばらしい！,"(Teacher Tacos) Yes, you can. Great! 「(ティーチャータコス) うん、できるよ。すばらしい！」",audio/phonics/L23/s3.mp3
19,23,19_beginner_tom_b19,4,Doctor Dragon,Doctor Dragon,13.58,17.88,1541.92,1546.22,"Hi, Tom. Please, can you carry this box?",やあ、トム。お願い、この箱を運んでくれる？,"(Doctor Dragon) Hi, Tom. Please, can you carry this box? 「(Doctor Dragon) やあ、トム。お願い、この箱を運んでくれる？」",audio/phonics/L23/s4.mp3
19,23,19_beginner_tom_b19,5,Doctor Dragon,Doctor Dragon,17.88,21.21,1546.22,1549.55,"Hi, Tom. Please, can you carry this box?",やあ、トム。お願い、この箱を運んでくれる？,"(Doctor Dragon) Hi, Tom. Please, can you carry this box? 「(Doctor Dragon) やあ、トム。お願い、この箱を運んでくれる？」",audio/phonics/L23/s5.mp3
19,23,19_beginner_tom_b19,6,Box,箱,21.38,28.23,1549.72,1556.57,"Um... I can sing, but I cannot walk. I am too shy.",ええと……ぼくは歌えるけど、歩けないんだ。恥ずかしがりすぎるんだ。,"(Box) Um... I can sing, but I cannot walk. I am too shy. 「(箱) ええと……ぼくは歌えるけど、歩けないんだ。恥ずかしがりすぎるんだ。」",audio/phonics/L23/s6.mp3
19,23,19_beginner_tom_b19,7,Box,箱,28.23,35.04,1556.57,1563.38,"Um... I can sing, but I cannot walk. I am too shy.",ええと……ぼくは歌えるけど、歩けないんだ。恥ずかしがりすぎるんだ。,"(Box) Um... I can sing, but I cannot walk. I am too shy. 「(箱) ええと……ぼくは歌えるけど、歩けないんだ。恥ずかしがりすぎるんだ。」",audio/phonics/L23/s7.mp3
19,23,19_beginner_tom_b19,8,Tom,トム,35.04,41.28,1563.38,1569.62,"Oh! The box can sing, but it hides! OK. Yes, I can.",あっ！箱は歌えるけど隠れているんだね！わかった。うん、できるよ。,"(Tom) Oh! The box can sing, but it hides! OK. Yes, I can. 「(トム) あっ！箱は歌えるけど隠れているんだね！わかった。うん、できるよ。」",audio/phonics/L23/s8.mp3
19,23,19_beginner_tom_b19,9,Tom,トム,41.28,48.21,1569.62,1576.55,"Oh! The box can sing, but it hides! OK. Yes, I can.",あっ！箱は歌えるけど隠れているんだね！わかった。うん、できるよ。,"(Tom) Oh! The box can sing, but it hides! OK. Yes, I can. 「(トム) あっ！箱は歌えるけど隠れているんだね！わかった。うん、できるよ。」",audio/phonics/L23/s9.mp3
19,23,19_beginner_tom_b19,10,Teacher Tacos,ティーチャータコス,48.21,52.38,1576.55,1580.72,Great. Can you hold my salsa cards?,すばらしい。私のサルサカードを持ってくれる？,(Teacher Tacos) Great. Can you hold my salsa cards? 「(ティーチャータコス) すばらしい。私のサルサカードを持ってくれる？」,audio/phonics/L23/s10.mp3
19,23,19_beginner_tom_b19,11,Teacher Tacos,ティーチャータコス,52.63,55.7,1580.97,1584.04,Great. Can you hold my salsa cards?,すばらしい。私のサルサカードを持ってくれる？,(Teacher Tacos) Great. Can you hold my salsa cards? 「(ティーチャータコス) すばらしい。私のサルサカードを持ってくれる？」,audio/phonics/L23/s11.mp3
19,23,19_beginner_tom_b19,12,Tom,トム,55.93,58.5,1584.27,1586.84,"OK. Yes, I can.",わかった。うん、できるよ。,"(Tom) OK. Yes, I can. 「(トム) わかった。うん、できるよ。」",audio/phonics/L23/s12.mp3
19,23,19_beginner_tom_b19,13,Tom,トム,58.5,62.06,1586.84,1590.4,"OK. Yes, I can.",わかった。うん、できるよ。,"(Tom) OK. Yes, I can. 「(トム) わかった。うん、できるよ。」",audio/phonics/L23/s13.mp3
19,23,19_beginner_tom_b19,14,Juggler Jellyfish,ジャグラークラゲ,62.06,65.88,1590.4,1594.22,Oh no! I cannot hold eight cups now.,大変！今は八つのカップを持てないよ。,(Juggler Jellyfish) Oh no! I cannot hold eight cups now. 「(ジャグラークラゲ) 大変！今は八つのカップを持てないよ。」,audio/phonics/L23/s14.mp3
19,23,19_beginner_tom_b19,15,Juggler Jellyfish,ジャグラークラゲ,65.88,69.45,1594.22,1597.79,Oh no! I cannot hold eight cups now.,大変！今は八つのカップを持てないよ。,(Juggler Jellyfish) Oh no! I cannot hold eight cups now. 「(ジャグラークラゲ) 大変！今は八つのカップを持てないよ。」,audio/phonics/L23/s15.mp3
19,23,19_beginner_tom_b19,16,Tom,トム,69.45,72.5,1597.79,1600.84,I can hold two cups. Easy!,ぼくなら二つのカップを持てるよ。簡単！,(Tom) I can hold two cups. Easy! 「(トム) ぼくなら二つのカップを持てるよ。簡単！」,audio/phonics/L23/s16.mp3
19,23,19_beginner_tom_b19,17,Tom,トム,72.5,76.27,1600.84,1604.61,I can hold two cups. Easy!,ぼくなら二つのカップを持てるよ。簡単！,(Tom) I can hold two cups. Easy! 「(トム) ぼくなら二つのカップを持てるよ。簡単！」,audio/phonics/L23/s17.mp3
19,23,19_beginner_tom_b19,18,Teacher Tacos,ティーチャータコス,76.27,80.33,1604.61,1608.67,Great! We can finish together.,すばらしい！一緒に終わらせられるね。,(Teacher Tacos) Great! We can finish together. 「(ティーチャータコス) すばらしい！一緒に終わらせられるね。」,audio/phonics/L23/s18.mp3
19,23,19_beginner_tom_b19,19,Teacher Tacos,ティーチャータコス,80.33,83.92,1608.67,1612.26,Great! We can finish together.,すばらしい！一緒に終わらせられるね。,(Teacher Tacos) Great! We can finish together. 「(ティーチャータコス) すばらしい！一緒に終わらせられるね。」,audio/phonics/L23/s19.mp3
20,24,20_beginner_tom_b20,1,Tom,トム,0.0,3.02,1613.18,1616.2,I visited Funnics Island yesterday.,昨日、ぼくはファニックス・アイランドを訪れたよ。,(Tom) I visited Funnics Island yesterday. 「(トム) 昨日、ぼくはファニックス・アイランドを訪れたよ。」,audio/phonics/L24/s1.mp3
20,24,20_beginner_tom_b20,2,Tom,トム,7.16,8.33,1620.34,1621.51,I visited Funnics Island yesterday.,昨日、ぼくはファニックス・アイランドを訪れたよ。,(Tom) I visited Funnics Island yesterday. 「(トム) 昨日、ぼくはファニックス・アイランドを訪れたよ。」,audio/phonics/L24/s2.mp3
20,24,20_beginner_tom_b20,3,Teacher Tacos,ティーチャータコス,8.33,11.3,1621.51,1624.48,Yes. You walked around the market.,うん。きみは市場を歩いて回ったね。,(Teacher Tacos) Yes. You walked around the market. 「(ティーチャータコス) うん。きみは市場を歩いて回ったね。」,audio/phonics/L24/s3.mp3
20,24,20_beginner_tom_b20,4,Teacher Tacos,ティーチャータコス,11.35,14.32,1624.53,1627.5,Yes. You walked around the market.,うん。きみは市場を歩いて回ったね。,(Teacher Tacos) Yes. You walked around the market. 「(ティーチャータコス) うん。きみは市場を歩いて回ったね。」,audio/phonics/L24/s4.mp3
20,24,20_beginner_tom_b20,5,Juggler Jellyfish,ジャグラークラゲ,14.37,17.03,1627.55,1630.21,I juggled cups for you. Ta-da!,きみのためにカップをジャグリングしたよ。ジャーン！,(Juggler Jellyfish) I juggled cups for you. Ta-da! 「(ジャグラークラゲ) きみのためにカップをジャグリングしたよ。ジャーン！」,audio/phonics/L24/s5.mp3
20,24,20_beginner_tom_b20,6,Juggler Jellyfish,ジャグラークラゲ,17.08,19.74,1630.26,1632.92,I juggled cups for you. Ta-da!,きみのためにカップをジャグリングしたよ。ジャーン！,(Juggler Jellyfish) I juggled cups for you. Ta-da! 「(ジャグラークラゲ) きみのためにカップをジャグリングしたよ。ジャーン！」,audio/phonics/L24/s6.mp3
20,24,20_beginner_tom_b20,7,Teacher Tacos,ティーチャータコス,20.07,22.79,1633.25,1635.97,And I taught the taco dance.,そして私はタコダンスを教えたね。,(Teacher Tacos) And I taught the taco dance. 「(ティーチャータコス) そして私はタコダンスを教えたね。」,audio/phonics/L24/s7.mp3
20,24,20_beginner_tom_b20,8,Teacher Tacos,ティーチャータコス,22.93,25.36,1636.11,1638.54,And I taught the taco dance.,そして私はタコダンスを教えたね。,(Teacher Tacos) And I taught the taco dance. 「(ティーチャータコス) そして私はタコダンスを教えたね。」,audio/phonics/L24/s8.mp3
20,24,20_beginner_tom_b20,9,Tom,トム,25.47,36.78,1638.65,1649.96,"I saw an excited clock, a shy stage, and Teacher Tacos.",興奮した時計、恥ずかしがり屋のステージ、そしてティーチャータコスを見たよ。,"(Tom) I saw an excited clock, a shy stage, and Teacher Tacos. 「(トム) 興奮した時計、恥ずかしがり屋のステージ、そしてティーチャータコスを見たよ。」",audio/phonics/L24/s9.mp3
20,24,20_beginner_tom_b20,10,Tom,トム,36.95,38.93,1650.13,1652.11,I watched cups fly too fast on stage.,ステージでカップが速く飛びすぎるのを見たよ。,(Tom) I watched cups fly too fast on stage. 「(トム) ステージでカップが速く飛びすぎるのを見たよ。」,audio/phonics/L24/s10.mp3
20,24,20_beginner_tom_b20,11,Teacher Tacos,ティーチャータコス,42.95,45.82,1656.13,1659.0,"So, did you enjoy the island?",それで、島を楽しめた？,"(Teacher Tacos) So, did you enjoy the island? 「(ティーチャータコス) それで、島を楽しめた？」",audio/phonics/L24/s11.mp3
20,24,20_beginner_tom_b20,12,Tom,トム,45.95,50.99,1659.13,1664.17,"Yes, I did. I learned English in a strange, wonderful place.",うん、楽しめたよ。不思議ですてきな場所で英語を学んだんだ。,"(Tom) Yes, I did. I learned English in a strange, wonderful place. 「(トム) うん、楽しめたよ。不思議ですてきな場所で英語を学んだんだ。」",audio/phonics/L24/s12.mp3
20,24,20_beginner_tom_b20,13,Tom,トム,51.78,57.25,1664.96,1670.43,"Yes, I did. I learned English in a strange, wonderful place.",うん、楽しめたよ。不思議ですてきな場所で英語を学んだんだ。,"(Tom) Yes, I did. I learned English in a strange, wonderful place. 「(トム) うん、楽しめたよ。不思議ですてきな場所で英語を学んだんだ。」",audio/phonics/L24/s13.mp3
20,24,20_beginner_tom_b20,14,All Friends,みんな,57.25,59.67,1670.43,1672.85,"Good-bye, Tom! Come again!",さようなら、トム！また来てね！,"(All Friends) Good-bye, Tom! Come again! 「(みんな) さようなら、トム！また来てね！」",audio/phonics/L24/s14.mp3
20,24,20_beginner_tom_b20,15,All Friends,みんな,60.0,61.81,1673.18,1674.99,"Good-bye, Tom! Come again!",さようなら、トム！また来てね！,"(All Friends) Good-bye, Tom! Come again! 「(みんな) さようなら、トム！また来てね！」",audio/phonics/L24/s15.mp3
